session_duration,pages_viewed,purchase_amount,device,source,location,group,converted,customer_segment,ad_spend
324.83570765056163,4,77.02534083166137,mobile,organic,US,treatment,1,low,274.3561476335999
293.0867849414408,7,51.2644801861967,mobile,paid,APAC,treatment,1,medium,289.99707923882136
332.3844269050346,7,61.805374328264804,desktop,paid,US,control,1,low,346.7705769894433
376.15149282040124,2,59.099331004081726,desktop,paid,LATAM,treatment,1,medium,68.72145500989461
288.2923312638332,5,55.793467597567755,mobile,referral,US,control,0,low,374.66468723030766
288.293152152541,6,64.1202687854325,desktop,organic,LATAM,control,0,low,77.88695314073462
378.9606407753696,5,54.521990098936485,desktop,paid,US,treatment,1,medium,260.7298554527905
338.37173645764545,2,69.06325414152548,desktop,paid,US,control,1,medium,422.45201100613735
276.5262807032524,7,53.3835744193596,mobile,organic,US,treatment,0,low,253.0468909752783
327.1280021792982,9,40.07421993271177,mobile,organic,APAC,control,0,low,117.0903869457115
276.8291153593769,6,50.20417167212918,tablet,paid,APAC,control,0,low,493.2652302526819
276.71351232148714,5,35.34326142657905,desktop,referral,US,control,0,low,450.1784579334185
312.0981135783017,6,32.30949696260601,mobile,paid,LATAM,control,0,high,397.0911349512563
204.3359877671101,5,53.66746407892257,mobile,referral,EU,treatment,0,high,235.18022130464468
213.75410837434836,5,62.88467845284525,mobile,paid,EU,control,1,low,132.730577100184
271.88562353795135,5,52.02280407621219,mobile,organic,APAC,control,0,low,473.63503163832553
249.35844398327882,4,49.8210502299165,mobile,organic,US,control,0,high,289.55800693271254
315.71236662976366,8,40.235999513362025,mobile,organic,US,control,0,medium,433.5599571743683
254.59879622393944,4,62.80411174033266,desktop,organic,LATAM,treatment,1,medium,203.9427525917416
229.38481493323542,5,37.668986949851444,mobile,organic,LATAM,control,0,medium,200.87974268576178
373.2824384460777,3,63.909723580014,desktop,referral,LATAM,treatment,0,low,493.4932163033176
288.71118497567323,7,36.440296551400365,mobile,referral,LATAM,treatment,0,low,284.82487182268244
303.3764102343962,2,48.04214729031418,mobile,organic,US,treatment,0,high,113.31294073733582
228.76259068932717,5,39.57728411952752,mobile,organic,APAC,treatment,0,medium,148.85360509761836
272.78086377374086,10,55.704211733607956,mobile,organic,US,control,0,low,266.8749257267243
305.5461294854933,7,59.051771616244885,desktop,paid,LATAM,control,1,low,69.1119097197851
242.45032112888487,7,44.8133328037879,desktop,organic,US,treatment,0,low,258.14029342023525
318.7849009172836,10,58.532015450515544,mobile,organic,EU,treatment,0,medium,238.5233789360574
269.9680655040597,1,50.29430591677552,mobile,direct,EU,treatment,0,low,400.70131939376915
285.41531251033615,5,68.24841591201147,mobile,referral,US,treatment,1,low,209.72388402015878
269.91466938853017,3,40.186740634825355,desktop,organic,US,control,0,high,492.1469426928197
392.6139092254469,8,35.95183056072493,desktop,paid,APAC,control,0,low,131.3464636854064
299.3251387631033,7,51.07207962040134,mobile,organic,APAC,treatment,0,low,315.9440082356607
247.114453552205,3,54.81124927564006,desktop,referral,US,treatment,1,low,90.3646836537146
341.12724560515943,1,65.98883947587784,desktop,paid,APAC,control,1,low,380.2387927972919
238.9578175014489,5,49.2009154733745,mobile,organic,EU,treatment,0,low,497.6391596278872
310.4431797502378,3,52.0507533923463,mobile,referral,US,control,0,high,418.6123869882345
202.01649380601123,6,33.76617470058757,tablet,organic,US,control,0,high,300.06659332413557
233.59069755507846,3,68.88436939614257,desktop,organic,APAC,treatment,0,low,268.1336108298614
309.8430617934562,4,48.357580149679684,mobile,organic,APAC,treatment,0,low,425.7634825700811
336.92332899977055,5,56.97586970339199,mobile,paid,EU,treatment,0,medium,471.1883381198259
308.56841405949854,8,41.63908329780374,mobile,organic,EU,control,0,low,495.1429366091418
294.217585880588,7,53.08009902217341,mobile,organic,US,control,0,low,228.44265240401785
284.9448152205356,5,36.97155236475255,desktop,organic,US,treatment,0,high,495.9128636575305
226.07390048162864,4,54.520678382596714,mobile,organic,US,control,0,low,120.16681347822417
264.00778958026456,6,51.928673383168956,desktop,referral,US,treatment,1,low,164.09739916935914
276.9680614520106,8,58.62670616066108,desktop,organic,EU,treatment,1,low,90.05725613025328
352.8561113109458,4,65.14657090795632,mobile,organic,LATAM,treatment,1,low,172.28233241801675
317.18091447842306,3,37.6745968877972,mobile,paid,US,control,0,low,395.571898228105
211.84799223186332,2,43.15508269387203,mobile,referral,US,treatment,0,low,433.81596118030234
316.20419846973977,3,54.573242810867654,desktop,referral,EU,control,0,low,400.5016902961573
280.74588597918415,9,77.80568789735915,mobile,paid,APAC,control,1,medium,333.9796001754633
266.1538999847021,5,59.3029091666275,desktop,organic,APAC,control,1,low,281.2849306351905
330.5838144420434,4,64.29145692573644,desktop,referral,APAC,control,1,low,368.91693014614094
351.5499761247975,7,48.930285301415196,mobile,paid,EU,treatment,0,medium,225.8750971702498
346.56400595580993,8,69.422455947563,tablet,organic,APAC,control,0,high,428.5887581748658
258.0391238388681,4,32.52778333034745,tablet,direct,US,control,0,low,354.73554228955345
284.53938120743925,4,50.94621044669358,mobile,organic,US,treatment,0,low,364.01211432248385
316.5631715701782,8,46.255733266139266,mobile,direct,US,control,1,low,291.17119690808204
348.77725635611796,5,24.934284294632832,tablet,referral,EU,treatment,0,medium,448.35304289502767
276.0412881077355,5,52.97462053117817,tablet,paid,LATAM,control,0,low,163.40663015557362
290.71705116680914,6,51.39497796147459,mobile,direct,APAC,control,0,low,221.51644401247282
244.68325129969858,7,47.15163062257798,mobile,referral,US,treatment,0,low,399.93915635496006
240.18966879596647,2,48.93805909960247,mobile,organic,US,control,0,low,271.737003258202
340.6262911197099,1,80.98299434071258,tablet,paid,US,treatment,0,low,450.14630604088586
367.8120014285412,7,49.306645553216825,mobile,organic,US,control,1,low,205.87969389328353
296.39949392098333,5,64.53446964196425,mobile,organic,EU,control,1,high,216.19857596884015
350.1766448946012,4,43.50635180386119,desktop,referral,LATAM,control,0,medium,449.9311052239814
318.0818012523817,4,52.95232575040603,mobile,organic,LATAM,control,0,low,258.9666440819185
267.7440122697438,3,47.61766324944382,desktop,organic,EU,control,0,low,282.25606289111903
318.0697802754207,8,45.8948151727027,mobile,paid,APAC,treatment,0,low,199.74367190105573
376.90182832329845,7,78.84674352289073,desktop,referral,EU,control,1,low,174.50147398058687
298.2086980445024,1,61.77184963184339,mobile,organic,US,control,0,high,345.1769198772764
378.23218279070034,2,51.36746647399231,desktop,organic,EU,control,0,high,103.92829769354174
169.0127447955128,4,26.957880640560333,desktop,organic,EU,treatment,0,low,445.67268853230917
341.0951252187612,6,46.389907767474305,mobile,paid,APAC,treatment,0,low,400.64141154429853
304.35235341190855,4,77.03027564405083,mobile,organic,US,treatment,0,low,135.83671866761125
285.0496324767066,6,47.69338333360292,mobile,paid,US,treatment,0,medium,362.3089756210544
304.5880388267751,8,61.032175720536586,mobile,organic,US,control,0,medium,321.1848145785357
200.62155426995537,7,64.419424019526,desktop,organic,LATAM,control,0,high,133.04077283148985
289.0164056081244,5,60.636492959375346,desktop,direct,US,treatment,1,medium,172.94157772260462
317.85562857558733,2,41.58178368131848,mobile,organic,APAC,treatment,0,low,234.04392668022547
373.8947022370758,1,25.646876682171115,desktop,paid,APAC,control,0,medium,364.65923086046325
274.0864890863176,7,56.84163208608955,desktop,organic,US,control,0,medium,337.42553396765265
259.57531985534064,4,41.85243997176452,desktop,paid,EU,treatment,0,medium,289.50568145451405
274.91214782077316,1,51.76150451887692,mobile,paid,APAC,treatment,0,low,395.7847444013154
345.7701058851037,6,37.50179660410636,mobile,organic,US,control,0,medium,391.07198282277466
316.43755548298424,5,47.34762459529798,mobile,organic,LATAM,treatment,0,medium,328.03661932801515
273.51198981164805,8,50.33719054901053,mobile,organic,US,control,0,medium,404.14553752317136
325.6633716556678,5,52.68593581044298,mobile,paid,US,control,0,medium,200.41851865064413
304.853877467402,4,38.85177812647586,mobile,referral,APAC,control,0,medium,446.5622877451725
348.43224952664445,10,61.96910948761352,mobile,paid,APAC,control,0,medium,326.7095386108733
264.89734530613237,7,44.03105215268029,desktop,paid,LATAM,control,0,medium,420.06358121559373
283.6168926701116,4,42.39334189642139,mobile,organic,EU,treatment,1,medium,295.82559715562775
280.3945923433921,8,48.90976580036536,mobile,organic,LATAM,control,0,low,148.29721024490618
226.82425259339408,5,52.417523036615314,mobile,organic,APAC,treatment,1,low,294.08455790523885
314.8060138532288,5,51.6058943317176,mobile,organic,APAC,control,0,low,217.00024869946463
313.05276360899444,5,63.621324036850794,mobile,organic,EU,control,0,medium,363.87456621669253
300.255672832123,2,47.6355116326414,mobile,paid,US,treatment,0,medium,264.1072062806311
288.27064333124264,3,48.803803756312284,mobile,paid,LATAM,treatment,0,high,426.25076221745945
229.23146289747928,4,50.750541711016524,mobile,direct,US,treatment,1,low,355.1326305448625
278.96773386173203,9,58.20553502887897,mobile,organic,EU,treatment,0,low,358.04499486409577
282.8642741736615,0,51.843090640781035,mobile,paid,US,control,0,low,147.71990007097924
259.88613653891906,5,45.79972272705837,desktop,referral,EU,control,0,low,492.91239492108065
291.93571441669957,5,44.191282978180716,mobile,paid,US,treatment,1,medium,428.7538441721699
320.2025428407269,5,64.44412195055088,mobile,organic,US,treatment,0,low,405.0521980523126
394.3092950605265,5,37.72320035543943,mobile,organic,APAC,treatment,0,medium,198.59685132201236
308.72889064159193,4,56.55490637732177,mobile,organic,US,treatment,1,medium,291.03424378125436
312.8775195361382,9,53.58344511076003,mobile,organic,EU,treatment,0,low,111.6964346334479
296.2777042116916,6,38.034420713833136,mobile,referral,US,control,0,high,292.3141894982177
204.06143923504794,2,35.064902217468564,desktop,organic,US,treatment,0,low,115.65016091747927
298.67430622753915,6,28.76052417299335,mobile,organic,US,treatment,0,low,298.86702979532055
303.01151049705135,6,57.20996952905636,mobile,referral,APAC,treatment,0,high,341.92484606970754
423.1621056242643,6,44.54813755273678,desktop,referral,US,control,0,high,225.58818526245605
290.3819517609439,5,79.2727009247333,tablet,paid,LATAM,control,0,low,274.34519524908194
315.07736711668065,2,40.05644934369127,mobile,paid,US,control,0,low,444.0440244535637
298.26441151473784,5,40.785489765710786,mobile,organic,US,control,0,low,98.85341511626422
241.5660981190234,3,59.5397055943569,mobile,organic,US,treatment,1,low,406.2798018498438
357.14114072575103,3,52.43134655138489,mobile,organic,US,control,0,high,126.83954794828838
337.5966516343387,3,45.29796661214689,mobile,paid,APAC,control,0,medium,66.51859226208278
339.5515973521523,6,56.123322140025124,mobile,direct,APAC,control,0,low,133.50857123527152
254.53062726026306,6,40.21411610011346,desktop,organic,EU,treatment,0,high,394.26943548672034
370.13971554680495,4,36.18408281536419,mobile,paid,US,treatment,0,low,232.30673300158702
229.90744686038596,5,32.01785260590893,mobile,organic,US,control,0,low,442.6342325807819
329.3428546900135,5,27.76425832062803,mobile,paid,US,control,0,high,286.1183935320196
409.5227812904989,7,44.81930980524943,desktop,organic,LATAM,control,0,high,60.01265836684893
250.4731837434656,5,57.99784490498028,mobile,organic,US,treatment,1,high,372.52112432086705
271.6851135198614,3,43.68562972516817,desktop,referral,APAC,control,0,medium,99.60480892455472
304.98256825438204,4,62.43405797187162,mobile,paid,US,treatment,0,medium,405.220835057866
274.82621729419003,7,74.67370799933603,mobile,paid,US,control,1,low,125.646147412331
222.46682844669337,5,46.65197012555498,mobile,organic,US,control,0,medium,205.45087361248105
303.42814874030137,7,32.060788868080365,mobile,organic,US,treatment,0,high,392.5721433314121
246.88481431369476,8,44.33294891944947,mobile,organic,APAC,control,0,low,479.40411086438974
323.6796215317591,7,54.78223975311365,mobile,referral,US,treatment,1,medium,217.14527779102954
254.02878828830984,5,43.42865037721942,mobile,direct,APAC,control,0,low,423.2300990895211
377.496720250877,8,56.460564558980025,desktop,paid,US,treatment,1,low,135.85651946412742
260.83733538318813,4,43.465371042751926,mobile,organic,LATAM,treatment,0,medium,413.230896591121
283.89692418971623,6,46.134583841022405,mobile,referral,US,treatment,0,low,345.872326665313
340.6758608684835,8,43.64458901184443,mobile,paid,APAC,control,0,medium,136.73457824556579
238.45678417830223,6,52.08322508625592,desktop,paid,APAC,control,0,low,186.1267821581352
311.37299673020647,3,53.60368715904861,tablet,organic,LATAM,control,0,high,109.2968998686662
365.3571377141214,8,43.00740094751449,mobile,referral,US,treatment,1,low,222.33515497894098
219.62583827193862,4,68.24274842018028,mobile,paid,APAC,treatment,1,low,141.64188850547484
309.2316929266152,7,40.19937698159386,mobile,referral,US,control,0,low,339.79907913371306
312.9941397124212,2,33.82199386184663,tablet,referral,US,control,0,high,497.52729689925144
339.0911435888655,10,53.807780713650516,desktop,organic,US,control,0,medium,55.404123387918865
238.1524644560959,6,41.825918655856604,mobile,referral,US,control,0,medium,293.4139159792844
233.9771693457862,4,53.21291470757388,mobile,referral,LATAM,control,0,low,308.14996889705435
326.09707828084487,5,25.963313988994695,mobile,organic,US,control,0,low,461.3939553563653
314.8492336616593,6,81.85905769999613,mobile,organic,EU,treatment,1,low,277.7024006451219
312.52464251729384,4,56.72293408040402,desktop,organic,EU,treatment,0,medium,294.66563884021286
317.32241047484877,5,34.99523450836998,mobile,paid,EU,treatment,0,low,262.2437605977749
265.99876392107547,6,35.21222876153715,mobile,organic,EU,control,0,high,171.00693705266661
311.61268485805016,3,66.72265904097527,desktop,paid,US,treatment,0,medium,75.21310996201115
314.65362366493406,7,40.32402185453939,desktop,organic,EU,treatment,1,low,233.89595699442626
264.28242909868163,7,41.65815151267376,mobile,referral,US,control,0,low,73.66616205830533
393.28872555723785,8,36.63858940938045,desktop,organic,LATAM,treatment,1,medium,297.721611259663
323.6916460455894,4,46.49221794398446,mobile,organic,APAC,control,0,low,188.28213945903192
240.43482513986757,7,47.722803851642475,desktop,paid,LATAM,control,0,low,290.1210806864425
332.8276804316915,3,57.15493096769485,desktop,paid,US,control,0,low,110.433633977834
251.26591648863393,4,36.00921571815525,mobile,organic,US,control,0,medium,469.68348458271186
339.3542301871226,4,34.7971320775939,desktop,organic,US,treatment,0,medium,452.5345595974707
357.9297789503702,0,54.509626347764765,desktop,organic,US,control,0,low,135.49842914102803
258.9658840824145,1,60.06730071227065,mobile,referral,US,control,0,low,204.54992748230444
348.1688064622161,1,34.28847648882117,mobile,referral,EU,control,0,low,326.0717473333908
320.6390463468249,7,60.81514086299741,desktop,paid,US,treatment,0,medium,93.05879328765782
341.10300799972447,5,66.23679321290855,mobile,referral,EU,control,1,low,209.55551950226786
394.8396491326974,5,60.91805339074646,mobile,referral,APAC,treatment,0,low,163.00052906855274
287.73059419985645,8,58.83149305711501,desktop,organic,EU,treatment,1,high,461.9825279225135
262.3131917821255,3,32.75216546786701,desktop,direct,US,control,1,high,433.62978633014234
255.52427851872383,5,48.48032617683961,mobile,referral,US,control,0,high,310.92473357008873
259.2094857517281,3,60.6014381867127,mobile,organic,US,treatment,0,high,284.15585159220836
296.1449145292948,5,41.06253980916286,mobile,organic,US,control,0,low,468.8266075454287
317.0575987408322,1,46.12035031092548,mobile,organic,EU,control,0,low,469.5925023404669
313.8345399665009,7,48.23866496449022,mobile,organic,US,treatment,0,low,486.19855640824716
341.3591624518012,2,21.00486120131518,desktop,referral,APAC,control,0,low,106.42049784868445
300.65009459389535,4,66.71347575437477,mobile,paid,APAC,control,0,high,122.2510148434266
372.67670385786585,6,40.98624320102826,mobile,referral,EU,control,0,medium,354.531514405949
286.7671583381022,7,55.05735432472799,mobile,referral,US,control,0,medium,293.64551447443023
436.00845832948096,9,49.132988638517915,tablet,paid,US,treatment,0,low,58.309657201956185
331.2833673882503,4,62.5761905635936,mobile,paid,APAC,treatment,0,high,77.88876619528372
257.1421221791859,1,54.06056122428081,mobile,organic,US,treatment,0,high,449.6361720164623
246.45537509694438,4,58.297865668866756,mobile,organic,US,treatment,1,low,440.99185799272385
324.12362076215925,6,41.0648490748072,mobile,paid,US,control,0,high,210.77191489822033
288.82686073370746,3,57.978507013821385,mobile,organic,US,control,0,low,450.9727776187406
335.70002470460463,4,31.26558696045383,mobile,organic,APAC,control,0,low,317.1537834790558
323.66188122867726,2,56.45890420275892,mobile,referral,US,control,0,medium,412.65754115850586
296.3585543671564,6,47.243951584439046,mobile,paid,EU,treatment,1,medium,242.34398202209644
257.6603140965798,8,62.5228366195664,mobile,organic,US,treatment,0,low,101.02924730520894
224.25763876570676,7,51.61299542662695,mobile,paid,EU,control,0,low,245.1771781907073
277.67425239664897,2,56.44123767850109,mobile,referral,APAC,control,0,high,255.78490909860406
342.8199397161736,6,50.819888138247194,mobile,organic,APAC,control,0,medium,297.92488722827136
310.7046872065102,9,32.47622904859003,mobile,organic,US,control,0,medium,97.5122208069926
237.7130610644006,3,41.39270836604662,mobile,direct,US,control,0,low,496.1308383723251
308.6590462925591,8,56.72389337611382,desktop,organic,US,treatment,0,low,159.86156936310786
319.26586898644183,7,61.82080563738313,mobile,organic,EU,treatment,1,low,139.3485815916918
255.80712818994334,6,61.809899053056725,mobile,paid,EU,treatment,0,low,287.06131348517147
307.6862552972764,10,54.03274563037172,mobile,referral,EU,control,0,low,291.7436807276999
302.9104359223,5,40.3329810929734,tablet,organic,US,control,0,low,247.9193320249599
242.85148510846884,5,42.03935862279366,desktop,organic,EU,treatment,0,medium,397.35146584636453
317.88936801741414,5,57.61226872263172,mobile,organic,US,treatment,1,low,282.4944803278712
328.0392263184117,5,42.40293143977757,mobile,direct,APAC,treatment,1,high,324.36295481524286
354.1525621587638,4,83.85074346155815,mobile,organic,US,treatment,1,low,375.6858734335035
352.69010260174514,10,54.41746736377557,mobile,paid,APAC,treatment,0,low,61.261295703739975
231.11653160214544,3,62.27034597048872,mobile,direct,US,treatment,0,low,306.78988214527016
253.10874800424386,2,34.19396059190831,desktop,organic,US,control,0,low,447.88751205276617
325.75176336043296,6,62.445651603552555,mobile,direct,APAC,treatment,0,low,57.82493431644526
325.68929754561043,4,72.31498911027748,desktop,direct,US,control,0,high,232.3319467104325
325.7523843153024,4,36.79121644622683,mobile,referral,APAC,control,0,medium,466.8023525926235
492.63657453273606,8,57.71401794903767,desktop,organic,EU,treatment,0,low,208.919481027142
328.54452553465836,5,50.01109944687293,desktop,paid,EU,control,0,low,256.4279708901084
356.77828200902997,4,43.88870990695944,mobile,referral,US,control,1,medium,491.6936268699407
347.7000881746601,7,54.928839718518695,mobile,direct,US,control,0,medium,139.6957365277582
332.5695625652899,4,58.33603204837348,mobile,organic,EU,control,0,low,79.36483510625267
284.2365377679827,2,43.98873447331153,mobile,referral,US,control,0,medium,436.74016588758695
337.9484610246634,2,61.65916520255223,mobile,organic,EU,control,0,high,440.80940354556583
261.3587392731214,3,33.33236593210802,mobile,organic,US,control,0,medium,262.4350256060059
288.15906966299957,3,35.052438535503555,mobile,paid,US,control,0,high,281.3932285147788
275.7318226085448,8,54.433526852431314,tablet,referral,US,treatment,1,high,426.1128663280262
304.09370696931614,6,50.25385277972272,mobile,paid,US,control,0,high,382.3517741521078
415.73292833367543,0,42.834265115758946,tablet,paid,US,control,0,low,169.3170509976548
206.6367403704126,8,58.09594435971886,mobile,direct,APAC,treatment,0,medium,57.6020097821833
334.31300951872566,5,62.689727290592515,desktop,organic,APAC,treatment,1,medium,265.86507314009555
219.36420644051742,4,58.581390709340155,mobile,paid,US,treatment,0,medium,436.5105467430386
276.4034067105283,5,48.76863564647732,mobile,organic,LATAM,control,0,high,453.12560451057294
354.4475298483683,7,56.02580267978341,desktop,organic,EU,treatment,0,low,480.30178868426924
303.21400095477316,6,54.623553669185235,mobile,paid,LATAM,treatment,1,low,445.80345692575156
246.1127611035347,3,70.53818690086595,desktop,direct,APAC,treatment,0,low,311.01959988414427
264.23481453700157,4,41.87454229878014,mobile,paid,APAC,treatment,0,low,250.0725196562454
333.9798874467338,2,71.05297429458312,mobile,referral,US,treatment,0,low,398.68243094034455
263.48166841414314,4,50.34887947089408,mobile,organic,US,treatment,0,medium,382.9197354645184
310.8229294790987,1,36.24489110431257,desktop,organic,US,treatment,0,low,292.1645435366545
302.2785919951907,9,63.68079350488601,mobile,paid,APAC,control,0,medium,89.2973176513111
267.4199826197091,3,51.25901388394959,desktop,organic,US,treatment,0,medium,466.73660605411345
407.19720446626627,1,58.51124098380238,desktop,organic,APAC,treatment,0,low,255.02114187574796
331.6959511159006,5,62.238559185425935,mobile,paid,US,control,0,low,213.50020186231893
198.74287066711963,4,65.9072499259663,mobile,organic,APAC,treatment,1,medium,333.30532782594724
309.3227157384714,6,49.03752543601846,desktop,organic,US,control,1,medium,353.2270825251396
266.9106767615806,5,59.7571337766925,mobile,paid,US,control,0,high,144.80956266363563
342.6216667398112,8,50.007555074545955,mobile,paid,US,treatment,0,high,426.6224801644803
260.37396307836497,5,56.85857818608419,mobile,direct,US,control,0,high,180.47169214807005
294.26317792665503,7,28.462694262085385,mobile,paid,US,control,0,medium,134.00776666144253
325.24936394902284,4,54.46981717009852,mobile,paid,APAC,control,0,high,232.87993378452384
343.2877597085061,1,43.6141417485497,mobile,direct,US,control,0,high,378.7520364038594
239.9851796472112,5,66.5330963717853,desktop,referral,US,control,0,high,484.45618029791154
283.2749382079526,4,56.23087347889095,mobile,organic,APAC,control,0,low,414.17656896714493
276.2527344419522,3,52.398577458492966,mobile,organic,US,control,0,high,473.1567699515863
267.3335383713144,2,54.86309993350221,tablet,paid,LATAM,treatment,0,low,113.27261183443704
388.27271201405483,12,40.01559147123282,desktop,paid,LATAM,treatment,0,medium,82.02955948865454
320.2490855480478,5,66.23256690528054,desktop,referral,US,control,0,low,300.96714285800203
236.95580228324775,10,69.91370418416905,mobile,referral,US,treatment,0,low,180.63386736981545
345.8930973527388,6,53.92913510548216,desktop,paid,US,control,0,low,422.6247378361728
406.10780985063167,1,65.90403568573639,mobile,direct,APAC,control,0,low,352.39454213104676
351.62326302755736,6,44.308518013274664,mobile,paid,EU,control,0,low,486.8276737936075
224.03150170229932,2,42.02886433775019,mobile,organic,EU,treatment,0,high,164.6565600790869
275.78829635668745,4,50.40924748728923,mobile,referral,APAC,treatment,0,low,268.6028514598546
363.34555745933113,5,54.349410383678986,desktop,organic,US,control,0,low,275.558214841409
264.61652671906097,8,46.060133187568795,mobile,referral,APAC,control,0,low,157.6295576858193
322.1909714073114,4,55.37768190368484,desktop,direct,APAC,control,0,medium,315.5420297696035
338.73170267146685,2,53.06389482073414,desktop,paid,EU,treatment,0,low,249.4786937356578
253.65347642109586,1,46.171120653878695,mobile,paid,APAC,treatment,1,low,251.02470019544313
297.02373219691,8,67.74131086381125,mobile,paid,APAC,control,1,low,213.23149158761763
137.93663299654636,8,73.329826585413,mobile,organic,US,treatment,1,medium,57.61820859149078
248.7806179332855,4,51.71469317590391,mobile,organic,US,control,0,low,284.94285661165503
287.371592430342,1,68.4185108067635,mobile,paid,US,treatment,1,low,200.861526065149
237.6108409017575,9,37.82596206503048,tablet,referral,US,treatment,0,low,50.59394104294835
381.62056519658177,4,54.67950422131852,mobile,paid,LATAM,control,0,high,188.5746684478694
228.49293110196837,2,38.29719293603225,mobile,organic,US,treatment,0,low,175.38274989039064
277.9977756651508,4,42.19310114791414,desktop,paid,EU,treatment,1,medium,227.0516689506361
306.53702886430455,3,43.6906916626221,mobile,referral,EU,control,0,low,109.33339533952864
372.06366445330576,8,40.579398164257555,desktop,paid,US,control,0,low,278.45772108578797
228.20689244102803,9,44.52004181258862,mobile,paid,LATAM,treatment,0,low,361.5981586331585
358.158187607748,4,47.85849689288811,mobile,referral,APAC,control,0,low,333.5835060745576
300.51165305097936,4,58.371544863313844,mobile,paid,EU,control,0,low,411.6897264061358
250.92456744760244,5,46.78840961294298,mobile,paid,US,control,0,low,253.40372959418653
323.10517371316354,11,60.56433393874349,mobile,referral,US,treatment,1,low,283.5912786528777
309.9529847786735,8,61.4006784649516,desktop,organic,US,treatment,0,medium,414.6808733865425
269.98915614206027,6,41.629098663849604,mobile,direct,US,treatment,0,high,242.46552686865735
303.490104249501,2,63.32931691439728,tablet,organic,EU,treatment,1,low,365.7197074548186
280.73432015691196,8,54.46536506940711,mobile,organic,LATAM,control,0,medium,245.57106592309634
305.6758672625624,7,60.66108537519267,mobile,referral,EU,treatment,1,high,237.9812875302032
333.10653372605236,6,75.28695185286895,mobile,organic,APAC,treatment,1,high,392.09253103812216
379.3008408072676,5,54.79003143392759,tablet,referral,EU,control,0,low,128.67661195979503
238.10922505865756,3,41.38690420302892,mobile,referral,US,control,0,medium,202.3636873737081
406.65166873281333,5,81.16333859134451,mobile,referral,APAC,control,1,low,150.8775245361058
202.3956100238749,3,66.27911907888327,desktop,direct,US,treatment,1,medium,211.5994743354187
292.41074524822085,3,48.52659773378494,mobile,organic,APAC,treatment,0,low,153.6686700647108
329.41586032422885,7,59.63925423055571,desktop,referral,US,treatment,0,low,310.7325339889946
314.0495933867516,4,63.291475448181835,mobile,organic,US,treatment,1,low,409.1768611780304
268.8650240089703,4,53.99228192939327,desktop,paid,APAC,control,0,low,403.97587754805585
289.5938874821362,6,74.92183998600687,tablet,referral,EU,treatment,0,medium,214.0254340469566
275.34995326705837,6,47.248785717449536,desktop,organic,APAC,treatment,0,low,494.9421826524178
270.53176215278944,3,46.82239105982604,mobile,paid,LATAM,control,0,medium,317.23446411761034
342.48010485105124,4,51.16578512012464,mobile,paid,US,treatment,0,low,229.73013580023266
317.85077429825236,6,60.715159355810385,tablet,paid,EU,control,0,low,425.9926756586415
265.3545202369673,6,34.93465969809601,mobile,direct,US,treatment,0,medium,378.4433056891884
344.9799937716625,6,30.344441085234948,mobile,organic,EU,treatment,0,high,387.17390157084697
315.36497604383044,6,44.12884729379852,desktop,paid,APAC,treatment,0,low,138.2627073802422
340.643105941948,3,44.11712990024499,mobile,referral,US,treatment,1,low,260.7459383158498
331.4814420961806,5,45.75168652474362,mobile,paid,EU,control,0,high,437.8226588710712
258.5502494538964,2,64.45708762013896,mobile,organic,APAC,treatment,1,low,276.81710343294077
271.99094799015154,5,41.09251136447736,mobile,paid,US,control,0,high,357.55373453947266
337.36468025616307,3,35.731734232186575,mobile,organic,APAC,treatment,0,medium,314.57017986541905
330.5185132716732,3,50.69337161715348,desktop,organic,EU,treatment,0,low,429.0605544732719
298.9549203017926,5,58.625434846151705,mobile,referral,LATAM,treatment,0,low,178.05237789272118
305.8663691654391,11,35.813358947518424,desktop,paid,US,control,1,low,308.96387504886417
363.88324478942127,7,58.20232398305984,desktop,direct,US,treatment,0,low,105.45560060441179
270.4214305582085,7,58.17306203738326,desktop,referral,EU,treatment,0,high,360.59484951476054
327.3548690585019,4,59.54085102156628,mobile,paid,US,treatment,0,medium,379.3855272587204
289.8903673783053,1,62.18480214871686,desktop,organic,LATAM,control,0,medium,69.27679453504928
289.115939838639,4,72.02013924659616,mobile,paid,US,control,0,medium,354.1059336325933
354.93884259935953,5,46.439079513809446,mobile,organic,APAC,control,0,low,236.61056937460387
341.2708174494015,4,51.09571580077858,desktop,direct,EU,treatment,0,medium,105.84359424935705
340.67548180003195,4,45.83561566751975,mobile,organic,US,treatment,0,low,238.95839646431043
365.27394035771647,7,50.01976844755811,tablet,organic,US,treatment,0,medium,137.40481836301177
301.05019208163793,6,85.01920805332881,mobile,paid,EU,control,1,low,237.00178945549243
334.09764856474817,8,36.54985516069331,desktop,organic,EU,control,0,medium,222.95256258133747
284.4866621703272,4,41.38950327834424,mobile,organic,US,treatment,0,high,382.27623662122585
316.2083176244221,3,63.77180936504561,tablet,paid,LATAM,treatment,0,low,398.39700117486143
293.49284728161575,0,60.2003650690209,mobile,organic,US,treatment,0,low,323.162894473046
304.8497982496359,4,46.36868353182922,mobile,organic,US,treatment,0,medium,60.209078982101396
329.75785127184565,1,58.544020011207195,mobile,organic,EU,control,0,low,468.9600255819473
259.0889658383264,4,58.70448882358162,mobile,referral,US,treatment,1,medium,358.80497604340144
404.619363784273,3,65.00274609000988,mobile,paid,LATAM,treatment,0,high,65.38795246453498
249.6991309250149,5,50.745095938267724,mobile,paid,US,control,0,low,418.47480464635305
239.2905693606134,6,60.25632113872582,mobile,paid,US,control,0,low,140.11976962309825
357.9055436750034,6,76.4201191049262,mobile,organic,US,control,0,medium,310.6495353069981
339.5831346981468,4,55.98099155047466,mobile,direct,EU,control,0,low,259.9854664775842
331.2059908526078,4,53.693163776395465,desktop,organic,EU,treatment,1,low,238.92745205978449
331.41727546321397,5,57.22446985220979,desktop,paid,EU,control,0,high,450.3711740559789
299.3876613576543,1,46.34719141796115,desktop,referral,US,control,0,medium,246.81258120317662
255.1372814257084,9,73.87967705524733,desktop,referral,US,control,0,low,83.90485290791784
303.79022790968634,7,51.80071037695981,mobile,organic,APAC,treatment,0,low,475.98742724672866
266.14191442439443,5,47.27066679774487,mobile,organic,US,control,0,medium,464.2408540578324
348.7559866708876,4,50.5788105360178,mobile,referral,APAC,treatment,1,medium,357.9947103117194
292.6471309248931,5,60.972201916064385,desktop,organic,US,control,0,high,260.5516376594112
258.7251401603744,4,58.67187412827739,tablet,referral,APAC,control,0,low,91.78676282458457
283.93070791735033,1,50.21909721830654,mobile,referral,US,control,1,high,405.8366533598643
320.6465727137812,3,55.764513451224225,mobile,referral,EU,control,0,medium,83.96506149081303
271.81377235980125,7,34.91444031787144,mobile,organic,US,control,0,medium,80.87044320281555
258.8889802216784,6,51.849705750731566,mobile,referral,US,control,0,medium,291.82272909771564
312.18436057459564,10,54.52756352076695,mobile,paid,US,treatment,0,low,122.0577080830881
312.24832855543616,4,76.81473414279088,mobile,referral,US,treatment,1,high,53.478620303157044
274.6528412314435,5,42.291811972713106,tablet,organic,US,control,0,low,240.40104394810382
276.44808471908385,6,50.65529295478561,mobile,organic,EU,control,1,low,111.74775422452967
311.6024968678818,6,41.04572039074958,tablet,organic,EU,treatment,0,high,122.23193687631105
227.5957829251338,8,51.610829499496916,desktop,organic,APAC,treatment,1,medium,84.6097874309006
229.62681128117225,4,63.36657357758983,desktop,paid,EU,control,0,high,142.29218917562446
264.0777889373782,3,65.48639295024037,desktop,direct,EU,treatment,0,medium,371.96788089847524
289.32764241440765,3,53.20216577948829,desktop,organic,US,treatment,0,low,414.01728824800614
315.5453782799002,9,76.28660306495989,desktop,referral,US,treatment,1,high,253.64013981318527
373.7678108474776,7,51.339583805802356,desktop,organic,US,control,0,low,277.9492171466379
342.88298116010094,2,49.04888352299234,mobile,organic,APAC,control,0,high,64.69476556739117
292.0030735018286,2,55.14146353553399,tablet,organic,US,control,1,low,81.19231761709258
299.04918960486555,4,46.89609008622435,desktop,organic,US,treatment,0,high,165.9054765422826
249.87353176810956,6,44.769943575217624,desktop,direct,EU,treatment,1,low,294.7542893209164
299.0743432003805,9,64.68194289056085,desktop,organic,US,control,1,medium,382.7980169307468
285.56706805399307,11,49.596660897859564,mobile,paid,APAC,treatment,0,high,322.25137760211487
316.1359280169045,4,57.45360724077876,mobile,paid,APAC,treatment,0,low,226.45753474405473
258.63845282238384,7,52.146297844675736,mobile,direct,US,treatment,1,medium,103.24583285141219
325.9673257120586,7,48.37296298430908,mobile,organic,US,treatment,0,high,401.34795569923523
376.6369456501289,3,41.288069699923696,desktop,organic,US,treatment,0,medium,213.7037232195757
294.5619925771571,7,50.721532368217616,mobile,organic,EU,control,0,high,381.22430651725534
320.0855861049471,5,70.23529580876092,mobile,paid,US,treatment,1,low,280.8404788614538
334.5071995855556,2,41.28011365124224,mobile,organic,APAC,treatment,1,low,382.3979241028214
279.93897640570816,9,50.874737536807395,mobile,referral,EU,control,0,low,458.2803026536574
311.20462409052084,6,52.33042951529484,desktop,paid,US,control,0,low,464.4632822242109
300.62962003908973,3,63.021085158349806,desktop,paid,US,treatment,1,low,290.7980510002715
304.8838049274416,6,44.12143695092,mobile,paid,APAC,control,0,medium,280.17876414453747
261.3495108072267,3,52.306108487662144,mobile,organic,US,treatment,0,low,169.55530947627676
301.22550871294715,2,38.66578981707377,mobile,paid,APAC,control,0,low,471.10992418818114
324.8999145622725,8,53.499237152493926,mobile,direct,US,control,0,low,256.06362523982943
372.5571803897521,4,41.046456263408004,mobile,referral,EU,control,0,high,107.41605767931972
347.96354130426033,5,60.62853693033216,tablet,referral,APAC,control,0,medium,244.71721158194745
407.65912287557785,4,73.378277453883,mobile,referral,APAC,treatment,0,low,107.17396260710177
261.6326218555975,3,41.392431982981805,mobile,organic,US,treatment,0,high,276.13925791568374
343.6160318360339,4,55.342078623746744,mobile,organic,US,control,0,low,302.5739816852955
309.1671002869176,3,42.732580951179806,desktop,organic,APAC,control,0,high,201.9900926721134
409.4901466608836,11,60.4095417379779,desktop,organic,US,control,0,medium,82.2427764041681
259.5850857322424,6,37.34741590914785,desktop,organic,US,control,0,low,474.5765910349576
258.0139078909612,5,54.805867584277124,mobile,paid,LATAM,treatment,0,medium,398.0089010675433
270.0303677277989,5,41.27011033110647,desktop,paid,US,control,0,medium,427.49648622730444
193.80521378450965,5,47.930154109016314,mobile,referral,US,control,0,low,215.09077742880325
273.71224891596194,3,39.68974724852693,mobile,referral,US,control,0,high,392.37396350875275
262.0433669223151,6,58.223504708957535,mobile,direct,EU,control,0,low,268.4178028261374
307.5196893238104,4,41.63019645560413,mobile,organic,EU,control,0,low,140.4875697827207
317.087798788858,5,55.519642593318274,desktop,organic,US,control,0,low,105.99051960824598
393.8085419607943,3,54.53644429416819,tablet,paid,US,treatment,1,low,205.2728911949256
347.5211919093025,7,48.855276282011374,mobile,organic,US,treatment,0,low,111.89845016381285
271.15481721687985,3,51.477559074001285,desktop,organic,EU,treatment,0,high,499.2210392918309
255.0792664325821,6,42.38175328341151,desktop,organic,US,control,0,low,72.13504560440992
324.5959585753253,7,52.10367113540887,tablet,organic,LATAM,control,0,low,248.51461971608444
233.9883396489679,1,65.3033456435441,mobile,paid,US,treatment,0,medium,253.44208507567285
391.5729382927177,6,51.2946762556999,mobile,paid,LATAM,treatment,1,high,185.284367861754
358.97200603606433,4,67.86956593654918,mobile,paid,US,treatment,1,high,307.1082045681254
276.5412173947648,2,64.98097633487784,desktop,paid,APAC,control,0,medium,117.4896608681951
214.34327354545613,2,41.83845010971956,mobile,organic,US,control,0,high,402.76057126425513
367.69361870827066,5,35.449453949094476,mobile,organic,US,treatment,0,medium,199.60147321143722
294.2730077373691,5,53.01960900171765,mobile,organic,APAC,treatment,0,high,316.10416540938877
361.8908155986731,3,51.37607461305282,mobile,organic,APAC,treatment,1,medium,372.0376562301317
220.27861706028165,5,68.68603219163002,desktop,referral,US,treatment,0,low,450.0689529605725
270.03124885231136,11,50.34807540499832,desktop,referral,APAC,treatment,0,low,426.10434640349007
300.26218498590913,2,41.97800591964821,desktop,paid,EU,treatment,0,medium,323.73906264660184
302.3490296882371,6,38.528404889882886,desktop,organic,APAC,treatment,0,low,224.77693117274913
277.4967264260378,5,60.899049590908305,mobile,paid,US,treatment,0,low,276.44210153373376
331.14249661737495,3,65.65862810487434,mobile,paid,EU,treatment,1,medium,395.9306570204612
246.61897853087027,4,50.43828799460428,mobile,paid,US,control,0,high,444.8954941517629
292.8810257489353,10,59.55802745112481,mobile,paid,US,control,0,low,96.70186767950234
306.01478158559496,1,45.157416480691694,mobile,paid,APAC,treatment,0,medium,223.18531812187408
325.72194170293744,8,49.540711712598394,desktop,paid,US,control,0,medium,399.25246928607527
335.5807439044445,3,49.8343159017748,mobile,referral,US,treatment,0,high,244.24329316728245
243.76789540810654,5,56.83324511516092,desktop,organic,EU,control,0,high,199.50249382982773
223.29429146321888,4,55.907443355103254,mobile,referral,EU,control,0,medium,235.09521357047132
363.88384109492546,11,62.500711130568206,mobile,organic,US,treatment,1,medium,321.28013605385786
316.6157005989796,3,50.636490614965176,mobile,organic,US,control,0,low,499.9123148602107
262.5756731721723,4,48.53619765902592,mobile,direct,LATAM,control,1,medium,271.8465930970393
377.55759877612616,3,35.223875930805555,mobile,direct,US,control,0,medium,143.82251372941724
305.78373171464295,3,70.09707307740743,mobile,organic,EU,treatment,1,high,123.28095887559263
358.96485920319134,8,84.88812898403783,mobile,paid,APAC,control,1,medium,69.05738636438643
303.37592407050545,1,41.16280859308937,mobile,organic,US,treatment,0,low,301.4677557132446
403.03739624409934,5,42.26970290397297,mobile,paid,LATAM,control,0,medium,295.0574411699754
387.7670421221602,7,41.29272228356258,desktop,referral,APAC,treatment,0,low,142.35526705113912
287.5517925760463,3,57.24591778723123,desktop,direct,US,control,0,low,362.8982329036552
348.5785475477178,7,54.4848545419644,mobile,paid,EU,control,0,low,383.49816873335635
332.2687974792574,5,48.414623075835436,desktop,organic,EU,control,0,low,166.59419242195008
368.43157787661744,7,40.81980938361035,desktop,paid,EU,control,0,high,204.84489381338145
251.7538269709948,5,50.92376791639924,desktop,organic,APAC,treatment,0,low,495.71225255626547
334.30257299992195,7,42.94771641520052,mobile,direct,US,control,1,low,218.41901053283038
352.9212243424794,5,51.43426566857493,mobile,referral,US,control,0,high,392.3607522902458
212.06302567884427,4,58.71524386087934,desktop,paid,US,treatment,0,low,253.726441983473
240.83707436671125,5,49.02149334381241,mobile,organic,US,control,1,low,407.0051725374392
198.03839111199497,11,34.674817231703365,tablet,organic,US,control,0,low,396.06045745219154
286.5296582777721,7,65.7943789169486,desktop,organic,APAC,treatment,0,low,350.49021133934104
335.8771127897981,6,43.88240360495415,mobile,referral,EU,treatment,0,low,434.65025583301065
375.1178526048014,3,71.28475806233286,mobile,paid,EU,control,1,low,472.6483226949583
303.70473902098877,0,48.460023348021686,mobile,organic,EU,control,0,medium,310.99249420343773
381.4307772785646,10,48.38045183058672,mobile,paid,APAC,treatment,0,low,156.86100825023556
230.99492708925544,5,54.38412699496645,mobile,referral,US,control,0,low,229.38303273983377
214.83087803224225,5,41.1600114325356,mobile,organic,APAC,treatment,0,high,391.237571080982
297.22261505516906,3,71.18787095719111,mobile,referral,US,control,1,low,342.8975683057413
319.20327244696534,4,46.185105851759076,mobile,referral,LATAM,treatment,0,high,130.00925235436193
298.36526259529535,2,42.813614620989235,tablet,direct,EU,control,1,low,73.05779351589112
196.62789499800618,2,53.37482074726399,mobile,organic,US,treatment,0,low,357.3327170939292
295.5439980243606,7,47.36692193122084,tablet,organic,EU,control,0,medium,162.9855608132054
234.77652497475734,3,48.429751715552925,tablet,organic,EU,treatment,0,low,274.85160967807406
333.48362744150194,1,37.89839056585842,mobile,organic,US,control,0,low,386.03604763066744
318.3299123048424,3,76.64405672650668,desktop,organic,EU,control,1,medium,303.2000512953499
253.00601068363224,7,58.76714186386116,mobile,paid,US,treatment,0,low,87.48616240030837
274.30665413316535,5,59.641558841719785,desktop,paid,US,treatment,0,medium,133.51110655259993
247.0393239055524,5,46.94555297558318,mobile,referral,LATAM,treatment,0,high,148.69768281391362
296.8660451363414,4,40.56744445000177,mobile,organic,EU,control,1,low,166.0389141401802
347.7571160250619,5,69.52917382489511,mobile,paid,APAC,treatment,0,medium,304.4315263777269
250.71369768322282,5,49.38902491994132,mobile,referral,EU,control,0,medium,276.78460092142706
325.20232577589223,3,42.51200203979946,mobile,referral,US,treatment,0,high,141.42201726389402
273.48711908137795,3,54.16801574483114,mobile,referral,EU,treatment,0,high,80.39967955505918
260.3563583868828,6,61.67120788003297,mobile,referral,EU,control,0,high,127.14449201362314
294.6484820022721,6,52.60429241605607,mobile,direct,LATAM,treatment,1,low,492.97159067837146
248.2378838790313,4,83.74394295466868,mobile,organic,US,treatment,1,medium,260.8461274061625
272.3175347326409,9,64.92216648965662,mobile,paid,APAC,control,1,low,440.3054771159506
240.10610537055757,6,39.23618812597942,mobile,organic,LATAM,treatment,0,low,431.9386100009795
398.2362566458195,5,43.262098943405235,mobile,organic,EU,control,0,high,280.1838008582931
301.7631775985864,5,70.67601757023655,desktop,organic,LATAM,treatment,1,low,368.00946880724456
265.0137246003707,4,22.87387436189562,mobile,organic,US,control,0,high,136.73840468572052
310.6989955367111,10,49.801940036448435,desktop,organic,LATAM,control,1,low,359.77851721710874
294.3835975154585,6,35.69168798375328,mobile,organic,APAC,control,0,high,172.57306066848028
288.95152002333884,2,45.23446198566475,desktop,organic,US,treatment,0,low,424.42794353936785
330.7083350021713,4,47.01179910970796,mobile,direct,LATAM,treatment,0,low,87.67585989900945
337.87538550236525,3,54.42220352470946,mobile,organic,US,treatment,1,low,397.91240279837484
273.4749426194736,2,44.477387478873915,mobile,referral,US,control,0,medium,94.9716079558788
271.209087967766,5,39.02856350371186,mobile,organic,EU,control,0,low,446.53515660243903
286.2474151424178,6,72.91911266818687,mobile,direct,US,treatment,0,medium,186.89203316075168
184.90394176322076,5,68.67462004161351,mobile,referral,US,treatment,0,low,344.4770141737586
224.2404468900724,10,38.37934179743717,tablet,paid,APAC,control,0,low,269.37602537912596
368.34371337222626,5,65.82116751303568,mobile,paid,US,control,0,low,214.83641536805254
382.2483856750642,5,46.00534509527147,mobile,organic,US,treatment,0,low,340.4488249325734
287.5481980221811,4,51.2918747333171,desktop,direct,US,control,0,high,476.3853412480571
328.8278481527883,4,49.36726040103084,mobile,referral,US,treatment,0,high,68.57138631857984
315.5625077271768,3,43.40251358746034,desktop,referral,APAC,treatment,0,low,463.48378514739693
453.9440404227619,6,59.838523436061465,mobile,paid,APAC,treatment,0,medium,324.0867447594561
355.97874557172884,4,51.25886530576658,desktop,organic,LATAM,treatment,0,medium,413.2914353460735
293.6041204259617,2,45.234485767807584,mobile,referral,EU,control,0,low,222.7437290454249
252.22297796997873,9,36.95410556199528,desktop,organic,US,treatment,0,low,262.32933867692617
219.67768398712138,5,41.064049862808794,desktop,paid,LATAM,treatment,0,medium,440.9828383105238
310.17318179336115,9,33.586198843979034,mobile,organic,APAC,control,0,low,236.6815864144204
262.18246273578484,5,62.23207959131898,mobile,direct,EU,treatment,1,low,290.59680503708825
228.8873145201163,5,38.033344077156045,mobile,organic,EU,control,0,low,59.08771538794981
267.67135578787367,1,53.22072497730278,tablet,organic,LATAM,treatment,1,medium,121.36910262711903
245.92259981928026,5,63.70101853610371,mobile,paid,APAC,control,0,low,338.7589285886599
384.3570817536282,8,61.992995729215856,mobile,referral,US,treatment,0,low,372.6396054787447
344.08198784747253,6,49.677231058973824,mobile,paid,APAC,control,0,low,312.17042155302477
299.6013679341691,2,49.1291527385685,mobile,organic,US,control,0,low,114.4895163240248
373.9972069445013,5,68.79874549421008,mobile,organic,US,treatment,0,low,250.43244286002567
303.86841538238093,5,68.14157045726539,tablet,referral,US,treatment,1,high,209.7926448634354
256.9357899335868,4,46.721935401234774,mobile,direct,US,control,0,low,273.0476048157898
376.15620386348286,6,44.39461336935506,desktop,referral,US,control,1,medium,441.64806554934245
326.9455021842329,5,53.93873218164743,mobile,paid,US,control,0,low,399.13764739639333
248.13769228367718,6,58.293237725828625,mobile,direct,EU,treatment,0,medium,87.79527562512152
290.4830660958196,5,43.683484754863564,mobile,paid,APAC,treatment,0,medium,450.63913899855396
256.21908733076214,4,52.912027551380326,mobile,paid,LATAM,treatment,0,low,262.2952180174206
230.8600134517832,7,62.164679612842775,tablet,paid,US,treatment,1,high,384.7379651986993
346.3088773765821,5,48.159676008009974,desktop,paid,EU,treatment,0,low,113.01765406895846
395.47083202350655,7,25.121779424376687,mobile,referral,LATAM,control,0,high,351.8237865681716
230.07162130904294,6,47.782185962838646,mobile,paid,US,control,0,low,156.34670792425607
328.1484618345285,4,59.693693024080545,mobile,organic,APAC,treatment,0,high,247.2714037134192
267.46787154390864,8,43.68597444433442,tablet,organic,APAC,treatment,0,medium,57.58829153694698
275.6437308117652,4,50.52526368215316,desktop,organic,US,treatment,0,high,118.2247870687142
270.38030378805655,3,42.4404929330808,desktop,paid,APAC,treatment,0,medium,91.4362219056289
256.8004615160092,5,53.60441676292773,mobile,organic,APAC,treatment,0,low,157.8848778222163
302.4260813972414,10,47.834768024638265,mobile,organic,US,treatment,0,medium,95.00814051094503
258.4524941794481,6,40.60758459317993,mobile,paid,US,control,0,high,361.35951197880286
313.5228412889919,4,63.32551467665128,mobile,paid,US,control,0,high,63.06795599414872
297.4880945275431,3,59.28932013532215,mobile,referral,US,treatment,0,low,327.9832252812491
288.0525976566795,3,43.950932360718255,mobile,paid,EU,treatment,0,medium,113.3185238715084
254.6218168979201,5,54.97788309417778,mobile,referral,EU,control,0,low,475.3226557300536
271.16143347158334,2,55.374120028203805,desktop,direct,US,control,0,medium,469.8923328994344
337.7695612912878,6,73.23181691681287,desktop,referral,LATAM,control,1,low,151.47639613443317
325.04585938121903,2,33.05744104004923,mobile,paid,US,control,0,low,326.48958420036325
251.12223776007244,5,67.13234160667622,mobile,organic,US,treatment,1,high,62.6023937626063
304.9666152714613,2,54.686674667707464,mobile,direct,US,control,1,low,469.30484437302835
337.5693561685895,6,57.338991797948495,desktop,organic,EU,treatment,1,medium,285.34428868626935
216.52973594393143,3,76.37881752260199,desktop,organic,US,control,0,medium,69.45041813800054
327.16800961899673,5,53.01873380721012,desktop,paid,US,treatment,0,low,204.12499685366183
266.86881205270765,2,46.13677524552824,desktop,organic,US,control,0,low,84.58225783755539
328.52993342965794,6,27.94705627244094,mobile,direct,APAC,treatment,0,medium,226.82499771801196
261.83704217287413,6,63.897641339463554,mobile,paid,LATAM,treatment,0,low,351.4668539725954
209.75589496677406,7,36.547903291913975,mobile,paid,US,treatment,0,high,261.4504586186478
218.62287810584186,6,39.96561096500496,mobile,paid,US,control,0,high,222.6749786237545
302.4042473330691,6,46.68647700912151,desktop,paid,EU,control,0,low,103.62067049320916
312.9861250860741,4,64.16411791700293,mobile,organic,APAC,control,0,low,160.22257056214534
254.78416874477958,4,57.732399866657595,mobile,paid,US,control,0,low,95.06447948225801
331.9296229388687,7,61.518371378770894,mobile,referral,LATAM,treatment,1,medium,413.3744292454973
216.923996886552,5,53.08292063638821,tablet,paid,EU,treatment,0,low,110.85792259312515
296.6960100676342,5,43.99614307128894,mobile,referral,US,treatment,0,low,317.91801494700206
239.44919001187716,8,61.468446876874836,desktop,organic,EU,treatment,1,medium,204.23318611498064
267.40819460989206,4,50.73336744778137,mobile,organic,LATAM,control,0,high,151.69027309483258
302.3699335658207,2,59.687698956813534,mobile,organic,APAC,control,0,low,337.7607977714467
256.97933173580236,3,59.67178122438949,mobile,organic,US,control,0,low,255.6510392196233
280.7722227885087,4,65.89082861877066,desktop,referral,US,treatment,1,high,230.0654602780516
350.31464046072205,6,46.37652442453898,mobile,referral,US,treatment,0,medium,316.7834022014997
271.15540652384254,9,66.20119056992567,desktop,organic,US,control,1,medium,271.0704328205003
341.7846056032571,3,49.08031533796954,mobile,paid,APAC,control,0,medium,186.56789384820235
243.5146572671191,5,39.18085631286867,mobile,referral,APAC,treatment,0,high,301.57757949436325
326.4902088957641,3,45.96712208089061,tablet,organic,APAC,treatment,0,medium,351.27435944781257
372.078431032895,2,61.42146917270334,mobile,organic,LATAM,treatment,1,high,62.01192136408443
176.41777499363553,4,59.10215783664745,mobile,direct,US,control,0,medium,259.6422780084539
260.1552372264762,9,48.16471827842847,desktop,paid,APAC,control,0,medium,75.9574780625947
328.853606359027,4,54.397713855279605,mobile,direct,APAC,treatment,1,low,133.88243633064997
289.84773069785035,5,50.56741683296819,desktop,organic,US,treatment,0,low,302.22893033508785
318.5572936685654,8,51.134560400565526,mobile,referral,APAC,control,0,medium,439.7850118695113
269.80074066420894,8,51.85837628902753,mobile,organic,US,treatment,0,low,447.26255563481817
304.329489373645,5,59.1987151595443,mobile,organic,APAC,treatment,0,medium,81.47480456238407
292.21613823039604,3,73.41964860695826,desktop,paid,EU,control,1,low,238.59728882901797
358.38910308299035,9,57.56416947340018,mobile,organic,US,control,1,high,312.35291735204805
312.7210421650607,2,43.838565419510566,desktop,organic,EU,control,0,low,116.18145704765453
316.8801331037601,8,39.59801289044527,tablet,organic,EU,control,0,high,394.44449753514726
279.4061516938766,7,56.988156702804766,mobile,organic,US,treatment,0,medium,384.90586629675744
275.6196887963753,6,64.48820108337715,mobile,referral,US,control,0,low,456.5034561680576
278.372090609019,9,46.849180720910766,mobile,paid,US,treatment,0,medium,53.818705437549355
319.7226071189148,3,47.58569435275007,mobile,organic,EU,treatment,0,low,147.5079097950512
278.95077595898687,6,64.66782556898976,mobile,organic,APAC,control,0,low,422.2340214103948
314.48874284482065,7,55.05557853215008,desktop,organic,LATAM,control,0,low,351.7610228721209
403.77003993227197,7,54.36235704801055,tablet,paid,EU,treatment,0,low,452.47543416432086
343.5562351715846,5,51.70618656094062,tablet,organic,APAC,treatment,1,high,75.73084453861993
283.69882339160796,5,56.78728069279419,desktop,referral,US,treatment,0,low,318.6337845723993
360.06069610819725,1,40.708636594902416,desktop,organic,APAC,control,0,medium,306.07095870215335
279.5962313489224,7,38.65979814065042,mobile,organic,US,control,0,low,66.05348736223957
198.0937732411073,4,46.53228423233288,desktop,referral,US,treatment,0,medium,281.08493461061755
249.5956844541298,7,44.1420727655131,desktop,referral,EU,treatment,0,low,324.2841400894659
206.4604039487072,5,47.78400305614961,mobile,organic,US,control,0,medium,136.08192839094824
282.42432579793456,5,44.82113976534564,tablet,referral,APAC,treatment,1,medium,172.9983124060983
300.9209189594776,3,59.58816306467672,mobile,paid,APAC,control,0,medium,338.15630583398166
383.82186561376415,5,61.27686294516429,desktop,referral,US,treatment,0,low,260.73542641998125
316.34636868820814,5,42.120710476489506,desktop,paid,US,treatment,1,medium,436.10614590574704
289.0449735595568,4,59.7845780566655,tablet,paid,APAC,control,0,low,204.07179470413476
341.47027905917446,3,41.894713701783736,mobile,direct,APAC,treatment,0,low,169.99684627469054
189.44323454960573,3,58.56975536982786,desktop,organic,US,control,0,low,493.18967315517926
311.7807279054283,5,49.315535073335845,mobile,paid,US,control,0,low,460.01109655853753
338.54325969434836,10,50.28775564080998,mobile,paid,EU,control,0,low,63.04673524954094
226.0706877110079,2,48.14902350578781,desktop,organic,EU,control,0,medium,396.82787688795463
357.1877021603465,5,66.69542365065614,mobile,organic,US,control,1,low,99.65064822134133
316.9248203747207,3,53.9481581563345,desktop,organic,US,treatment,1,low,62.36833767321693
279.2356043049599,4,52.16360122563398,mobile,paid,APAC,treatment,1,low,173.16298218485701
331.63909330531425,6,70.57755968721838,mobile,paid,EU,control,1,medium,171.20564557749694
413.5346428902198,3,57.16340080540411,desktop,paid,LATAM,treatment,0,medium,418.6934430561341
309.09331275292476,4,88.95146902898554,mobile,organic,APAC,treatment,1,low,369.8002606742758
312.4110293150168,4,44.71053237275301,mobile,paid,LATAM,treatment,0,medium,491.72424229940646
277.0319550229878,5,59.57304822593531,tablet,direct,US,treatment,0,medium,370.1808051403183
257.5077815267604,8,48.939093646585796,mobile,organic,APAC,control,0,low,238.21499896522155
341.5167908272123,5,62.33406076352669,desktop,paid,US,control,0,medium,364.5174474253476
257.1958087045566,6,49.923110042786305,mobile,referral,EU,treatment,0,medium,499.7565802338809
303.5783118609696,3,49.30190251322859,mobile,referral,US,control,1,medium,369.56384715313766
276.1171276617442,4,63.06072203871629,mobile,paid,US,control,0,low,392.75661019114324
323.9489912873196,5,45.0843806098107,mobile,referral,APAC,control,0,low,472.2642568356167
316.68310526434743,6,35.872742410994434,mobile,organic,APAC,control,0,low,101.14306759025752
351.87699721289493,7,44.83153116826171,mobile,referral,US,control,0,medium,367.1529320514771
274.49918005726266,5,56.19032946588533,mobile,organic,EU,control,0,high,432.86268108535205
286.5062532353314,2,63.920387515870914,mobile,organic,US,control,0,low,479.47037009940186
251.06181421088462,6,51.11129375296512,mobile,organic,US,treatment,0,low,144.9361803702647
277.7853369961944,4,75.18087026042451,mobile,referral,APAC,treatment,1,medium,276.7680534759099
318.8650246522426,2,36.41825078522406,mobile,paid,US,control,0,high,356.24968144001684
337.8494308322676,4,45.56736535182097,tablet,organic,LATAM,control,0,high,161.36047827560185
253.89173379111872,2,47.11424882845899,desktop,organic,US,control,0,medium,320.21278846262334
343.480296005283,3,55.45057349237967,desktop,direct,EU,control,1,high,165.91045212409972
367.78189294024753,4,50.84094388250197,mobile,referral,EU,control,0,low,200.05565923924127
320.6717451611851,7,56.909109573921924,tablet,paid,US,control,0,low,248.68341342988927
393.8397906279033,5,53.707915292350755,desktop,paid,US,treatment,1,low,288.1355444359551
261.3105400448213,5,51.39028686953126,desktop,paid,APAC,treatment,0,medium,252.21464223131778
237.76726483442914,7,49.54877109675948,mobile,organic,APAC,control,0,low,271.9379839045681
211.06398755478608,9,40.7411009610885,tablet,direct,US,control,0,low,184.36494032973167
374.8022155744592,7,48.863333109185646,desktop,organic,EU,treatment,0,low,121.53429231018377
332.71828281770286,6,48.563404701028816,desktop,paid,US,treatment,0,low,71.30748979707775
297.22076645447726,6,48.34919434996954,mobile,organic,US,treatment,0,high,138.19042512125048
313.998431315991,9,50.31759456581451,mobile,paid,US,treatment,0,low,311.8746386776024
243.72554763508117,2,50.75673540613386,mobile,paid,US,control,0,low,403.7519515114096
422.2875989808413,3,45.6770482089267,mobile,paid,APAC,control,0,medium,126.16141884930254
306.4610590987614,9,77.45685214290984,desktop,organic,APAC,treatment,1,low,98.84991099769181
305.46973973024467,3,38.305193707969835,mobile,paid,LATAM,control,0,medium,387.1806622471626
336.2883311949346,8,42.79029891530104,mobile,organic,EU,treatment,0,high,187.32124874178035
324.05046158683564,5,77.79963624223555,mobile,organic,LATAM,treatment,0,high,478.1747476523086
311.19420121395655,4,50.61037107953345,mobile,organic,EU,treatment,1,high,371.44308677466785
260.4762772277344,9,36.462453252902414,mobile,referral,EU,control,0,low,197.0402212593639
323.5734178567998,2,57.34476745001218,desktop,paid,LATAM,treatment,0,medium,180.29423650716723
394.1012248237517,5,29.22880146226126,mobile,paid,EU,control,0,low,285.66427382208906
367.27100230774886,10,47.64726090027561,mobile,referral,US,control,0,low,85.61510072519425
379.65933133196984,5,71.45824925076488,mobile,paid,APAC,control,0,low,102.95443069038456
274.43921617844074,4,34.550640778466,mobile,paid,LATAM,treatment,0,low,129.13604659228662
250.51975898707096,7,30.180355142612868,mobile,organic,APAC,treatment,0,high,398.62561698705207
293.7106539950176,3,35.00818798042302,desktop,organic,EU,control,0,low,281.2358116711051
302.78624561443473,6,58.98359568346986,desktop,paid,EU,control,0,medium,54.75520524849932
354.70957592354745,3,61.247767199858124,desktop,paid,LATAM,treatment,0,low,353.08243736244907
215.37676851425903,3,44.7023326907931,desktop,referral,US,treatment,1,low,240.6605803972237
376.4775159730307,4,56.83212404001069,mobile,referral,EU,treatment,0,high,279.8835642337091
292.0996050710505,1,63.9025532751199,tablet,organic,US,treatment,0,low,146.352309535821
278.655946502629,2,72.99133644564026,desktop,organic,EU,control,1,medium,298.3020027773466
249.39478123699163,4,47.53664718820152,tablet,paid,EU,treatment,0,low,490.61895788816986
217.25716640671152,5,26.985282823300132,mobile,organic,US,control,0,low,83.05011095259266
341.1585291980957,8,41.79121077590313,tablet,organic,US,treatment,0,low,177.7628298489938
303.66589835942017,7,60.608636725091216,desktop,referral,EU,treatment,1,high,159.3489167873734
235.5019550129473,7,47.41061203421609,desktop,organic,US,control,0,low,161.84718983803083
235.2460613968192,2,48.1214059899128,mobile,direct,US,control,0,low,220.41786090441977
283.2107650354936,6,73.43365957027169,desktop,referral,APAC,treatment,1,low,418.1494031348754
383.45107626446963,8,62.744284266875816,tablet,referral,US,control,0,medium,460.7864104839743
287.02043243181976,6,48.28326346075217,desktop,organic,US,control,0,medium,140.996789356538
224.8428523440947,4,79.72552662313961,mobile,organic,LATAM,treatment,1,medium,294.32747207665074
287.7128467957028,4,53.57661366631089,tablet,paid,US,control,0,low,336.60453747446616
286.3638215126165,4,50.64505972862572,mobile,organic,US,treatment,0,high,284.8223634637302
165.15566785292143,1,59.06544157109964,mobile,organic,EU,control,0,medium,245.3343773886138
297.2852566741094,6,50.72252048237916,mobile,organic,APAC,treatment,0,high,136.38897763665705
288.45327348956613,8,70.57811177097761,tablet,organic,LATAM,control,0,high,269.69871163965735
334.81031824067094,7,54.0291263021209,mobile,organic,LATAM,control,1,medium,230.546672470098
392.44780474726724,7,44.84829100907982,mobile,referral,APAC,treatment,0,low,408.00351312602135
356.3282514773879,6,48.7348110304605,desktop,organic,US,treatment,0,high,393.62196162334783
286.5555654722585,6,54.394526904579905,desktop,organic,US,control,0,high,110.29940654255182
244.6737045629165,4,70.96837922029692,mobile,paid,US,control,1,low,89.83357365338041
428.667990162493,3,49.75601432763843,tablet,direct,US,treatment,0,low,458.6692744523763
302.96092170072444,6,35.77770350493793,tablet,organic,APAC,treatment,0,high,290.97877503402395
300.6964645956473,3,80.94132798989749,mobile,organic,EU,treatment,1,low,436.0104217771658
298.79374564449984,10,57.54958766141964,mobile,paid,US,treatment,0,high,76.16800425488051
309.90423803839275,5,30.58141340620594,mobile,direct,APAC,treatment,0,low,286.93202743473364
292.7819794038029,6,49.96195866329201,mobile,referral,US,control,0,low,292.74193155930635
271.3168996559882,6,34.09858169319702,mobile,paid,US,control,0,low,437.31591464396746
272.6570529379804,4,43.353489024979375,tablet,organic,EU,treatment,0,low,93.92449920336838
298.36233648920006,6,40.971910730372,desktop,paid,US,control,0,low,158.2005036541592
272.82876144331175,5,58.09264698241986,mobile,organic,US,control,0,low,232.9422412491559
264.35771086614176,3,51.16830174172184,mobile,paid,US,control,0,medium,439.628663938974
305.3215113845948,2,47.26648834169928,mobile,referral,US,control,1,high,472.4974917817552
287.2511391289572,3,58.800659629573424,mobile,direct,APAC,control,0,low,496.72607881713253
375.1996494291344,2,40.848599088670724,mobile,organic,LATAM,control,1,medium,481.6370689063347
167.4515095803494,8,53.301137904709435,desktop,organic,US,treatment,0,medium,52.673790129959485
354.5753425961231,7,41.85989330708444,tablet,paid,US,control,0,medium,71.46875365424242
362.30425962488147,4,46.3432291746948,mobile,referral,APAC,control,0,medium,116.4230686209149
196.3304883795925,3,55.04270748038384,desktop,referral,LATAM,control,0,low,206.98794354662292
282.8656202959826,3,55.21449399059529,mobile,organic,US,treatment,0,low,423.4631139441314
281.4279567002104,6,63.3696907355596,desktop,organic,US,control,0,low,451.6952879009662
229.62441526410893,5,49.17746300328547,mobile,paid,APAC,treatment,0,low,134.07548283256236
261.1091656204562,1,53.06450862963341,mobile,organic,EU,treatment,0,medium,328.8488682288689
244.47120772670857,8,45.62262677595675,tablet,referral,US,control,0,low,462.81289327937446
387.6135221711811,9,51.81989882622798,mobile,paid,EU,control,0,high,258.67928116909434
346.7839196573731,4,54.394860480085114,desktop,referral,US,control,0,high,96.59460737875278
363.57775474970794,7,49.01690152545624,mobile,paid,EU,treatment,0,high,256.0161425380812
336.0836032021617,3,38.79429582952215,mobile,referral,EU,treatment,1,high,219.10770602962575
243.54741143913856,7,53.31470896330895,mobile,organic,APAC,treatment,0,low,309.9460982297031
273.7739866860113,5,52.36198924710747,mobile,referral,US,control,1,medium,247.39640798319664
324.4687280613959,6,43.19826523652049,desktop,organic,US,treatment,0,low,57.80566708417307
238.89360955540275,8,37.15612963927486,mobile,paid,US,control,0,high,497.298980036152
335.6499215086194,2,64.75879150503965,desktop,organic,APAC,control,0,high,294.5931069787569
287.98373009209325,4,54.91445510894402,desktop,paid,US,treatment,0,high,263.1338399680743
281.25895962252014,9,47.70918969078291,desktop,organic,US,treatment,0,low,479.5778171768243
335.54799841017456,4,38.62967116852513,mobile,organic,US,control,0,medium,120.1371654141847
322.21316557430197,4,41.781851715786544,tablet,direct,APAC,control,0,low,135.1569211453617
281.95169170904603,3,63.02590396786232,mobile,organic,US,control,0,low,413.60663707825256
357.96649016821243,4,51.37661940868046,mobile,referral,US,control,0,medium,167.37398601125395
245.94683362000512,4,44.49412932999294,mobile,direct,US,control,0,low,409.6521978311871
330.7967803472132,6,73.13198735349297,mobile,organic,APAC,treatment,1,high,172.19006730882614
329.6550628984192,7,41.856018125536764,mobile,paid,EU,treatment,0,low,64.93443360125067
284.5226780343005,3,65.00843030280379,desktop,organic,APAC,treatment,0,high,282.65662574902217
316.3066511121059,6,81.50181529418657,mobile,organic,APAC,treatment,1,low,138.50889535708762
237.44432118073485,8,45.33425928797223,mobile,paid,LATAM,treatment,0,high,391.030831819612
346.20135096034505,7,43.713297529691395,desktop,direct,US,treatment,0,high,338.53983495446664
290.75489317785053,3,23.8186680130772,mobile,organic,LATAM,treatment,0,high,465.621200590063
273.86384897404804,4,35.18419228448632,mobile,paid,US,control,0,low,402.34476076958117
352.4504612918445,6,36.60530225042244,mobile,paid,US,treatment,0,high,131.34917967832706
264.782815472862,8,56.27436621580725,desktop,referral,APAC,treatment,1,low,410.07120649915834
229.57693518182202,3,46.7376629555864,mobile,organic,US,treatment,0,low,338.78167016631045
222.16854132380482,4,36.54664512584759,mobile,paid,US,treatment,0,low,351.02823879228123
330.300497567282,3,47.188359575354426,mobile,paid,US,control,0,high,424.51829868656694
235.97853237518586,8,55.05337147647349,desktop,paid,EU,treatment,0,low,308.2208311350231
387.7397090992182,1,55.27839349915587,desktop,direct,US,control,0,high,259.7015814588558
195.9035296058139,3,31.00329719141119,desktop,referral,APAC,treatment,0,medium,336.48846591142757
384.8228184145019,7,57.57794375325216,mobile,organic,APAC,control,1,low,184.0808430312616
310.55087336013094,5,36.1665922302839,mobile,paid,EU,control,0,high,132.16870898919467
295.1643444064804,9,59.01728697140274,mobile,organic,US,control,0,low,327.4645271320609
272.7540456595525,5,57.84146416353499,mobile,organic,LATAM,treatment,0,high,155.23176608846495
319.9568057176035,4,51.4977654573183,mobile,paid,US,control,1,low,85.96179920597302
298.1182648787576,5,42.339547975996,mobile,organic,US,treatment,0,medium,50.24938306336426
355.1650941008261,7,45.38732949501693,mobile,paid,US,control,0,low,323.7437306300302
305.71138243310196,3,27.472066052686607,desktop,direct,EU,treatment,0,low,212.96695256610658
307.51508807309386,6,53.35968173440577,mobile,organic,US,treatment,0,low,388.5399368030552
281.8193893893072,7,47.27155453659869,desktop,direct,US,control,0,low,218.82937924089612
297.15271881394665,4,59.70175082567859,mobile,paid,US,control,0,low,268.70155170720204
315.39008844460295,4,44.214142559663905,mobile,paid,US,treatment,1,low,233.1882377669232
214.49158036716872,4,43.80877051750068,mobile,referral,EU,treatment,0,low,342.75865599920576
232.59072889471435,3,34.93474741960885,mobile,organic,APAC,treatment,0,medium,210.2626229067357
337.1632047011357,4,41.181584208701665,mobile,paid,APAC,control,1,medium,483.695442474039
308.5432719063971,2,38.18018003931781,mobile,paid,US,control,0,high,471.26614396933854
290.80083318236603,7,59.959736788464454,tablet,organic,US,treatment,0,medium,431.6125561957766
300.92169665326963,6,43.017381512486075,desktop,direct,LATAM,control,0,medium,464.13512175773667
317.37908526808354,7,51.24175684744613,mobile,referral,US,control,0,medium,252.11285980672596
273.0120159845319,5,46.19236596138195,desktop,organic,APAC,control,0,low,291.39367855527144
261.08476372988434,4,46.253559320987314,desktop,organic,US,treatment,1,medium,383.94166665121
309.79226275488406,5,56.711598620987345,desktop,paid,LATAM,treatment,1,low,363.2656662223435
251.0813611192484,4,55.99103331863595,desktop,organic,US,control,0,high,450.80536802246183
320.4126377857236,7,37.92240607456648,mobile,paid,US,control,0,medium,372.34896226551285
214.87081978810798,5,58.09112790731379,mobile,organic,APAC,control,0,low,499.04811870280724
351.4577818662822,6,41.50279078522304,mobile,paid,EU,control,0,medium,206.82760992421595
323.6298741206522,5,45.170160739271594,mobile,organic,US,control,0,low,424.84898400773807
312.8014867156938,2,63.364775025156604,mobile,organic,EU,treatment,1,low,363.9356702746989
349.1345491972757,4,43.36563842780512,mobile,paid,APAC,control,0,low,361.1239003467584
383.27372222312886,4,50.37574859335866,tablet,paid,US,control,0,medium,196.6260176802495
350.7185032509065,6,46.853091712119074,tablet,direct,US,treatment,0,medium,403.5208065903601
207.95628843341774,11,62.40726038004301,desktop,referral,US,control,1,high,455.1692100564196
236.02115166321494,6,43.34020723739499,desktop,organic,US,treatment,1,low,148.34680768425335
268.75907111521605,8,31.703181847919172,tablet,organic,EU,control,0,medium,331.4735767025169
301.30455251054167,5,56.15967006046838,mobile,referral,US,control,0,medium,226.46067309624883
325.88295102345614,3,60.37181405649051,mobile,direct,US,treatment,0,low,495.2966536826947
263.71280934232675,5,40.89513296468479,mobile,referral,US,treatment,0,medium,265.4747671242567
309.3383382238539,1,47.55971647828866,desktop,organic,EU,control,0,low,152.74407820862422
262.23085338233386,8,52.94719252902301,mobile,direct,US,treatment,0,low,221.83593134982465
269.4241098504026,6,65.41671241812841,desktop,organic,US,treatment,1,low,344.2272754174818
229.66694515758888,4,29.723227283291514,mobile,referral,US,control,0,medium,84.24021710730932
253.8383376944548,7,51.99181252382304,mobile,direct,LATAM,treatment,1,low,321.6208640995569
232.41576971918332,1,60.308558820225926,desktop,organic,US,treatment,1,low,469.0511416305041
251.20633735113336,7,69.80211660492424,mobile,direct,APAC,control,1,low,432.6632544460327
352.682089830392,3,81.91218721497575,mobile,organic,US,treatment,1,low,80.45309149609251
252.53005555840286,9,47.71994273190282,mobile,direct,US,treatment,0,low,497.0254454325807
431.61910324186954,4,35.93022537896012,mobile,organic,EU,treatment,0,low,364.4271156667456
324.6658950440445,2,54.02268077201298,desktop,direct,US,control,0,medium,123.02637094131066
309.2418061847437,4,63.2099578954071,mobile,organic,LATAM,control,0,low,55.58724012624057
257.0821109909393,6,51.08014120979501,mobile,referral,LATAM,treatment,0,medium,127.07718633146811
335.0154939704496,2,40.93351454845707,mobile,paid,APAC,control,0,medium,427.17916430858236
271.21810868811133,1,59.579939414800194,desktop,paid,EU,control,0,low,59.73769622532368
306.1004907322681,7,56.63545618498435,mobile,organic,US,control,0,low,154.91628662813895
428.00422691343977,7,50.221077173613935,desktop,referral,US,control,1,high,390.78751790069396
295.1970050137675,6,66.55195527618868,desktop,organic,LATAM,treatment,1,low,313.7497411541608
357.4636663142838,8,59.97265567658873,mobile,paid,EU,control,0,low,402.2310696620863
264.84117874370565,7,61.818900425588936,desktop,organic,EU,treatment,0,low,385.7677267220546
298.2505754751519,5,49.33551024690544,desktop,direct,US,control,0,medium,72.77062420481212
388.5400317817755,6,50.777448850652924,mobile,organic,US,treatment,1,medium,451.6301385923682
268.65164711061163,6,62.27273822081263,mobile,organic,LATAM,control,0,high,152.1643254270209
390.62242789984646,7,37.89839497019115,tablet,organic,US,treatment,0,high,299.02659810339367
335.38759677277375,6,54.38579290921005,desktop,paid,US,treatment,0,low,339.9296704375005
271.8766612052866,3,36.29973372635571,mobile,organic,US,control,0,low,125.88269489829293
331.6203869527761,3,60.65376272259603,mobile,paid,APAC,treatment,0,low,489.3040655154385
348.6277224813365,1,63.73723989787093,desktop,referral,US,control,1,low,269.67018023928904
331.0904981108598,5,62.68583235647469,desktop,referral,APAC,treatment,0,low,75.93921301882705
221.48876400547718,3,72.07207208962582,desktop,paid,US,treatment,1,low,471.76792015002815
263.64314120875656,9,37.7677976993807,mobile,organic,APAC,treatment,0,low,313.8205294369706
287.62406822242474,8,64.24627732077244,desktop,paid,APAC,treatment,0,low,364.63693909161935
296.2783285449977,4,65.51245266427729,mobile,organic,US,control,0,low,286.3291054704008
331.0336048775339,2,58.82286492599216,mobile,referral,EU,control,0,high,425.6320796496354
308.8850500466627,3,48.770220072415334,desktop,organic,US,control,1,medium,64.9100579869449
233.23278206449493,2,46.93986045642591,tablet,paid,US,treatment,0,high,170.77026437471648
319.00989255029816,4,51.45427217405759,mobile,organic,APAC,treatment,0,low,261.3417603812115
330.52928726419117,4,42.96289600668567,mobile,referral,US,control,0,low,84.47162734116952
327.989522396552,5,66.92346572463205,desktop,organic,US,treatment,0,low,367.6580011969962
354.0390362777311,8,51.44326471726037,mobile,paid,US,control,0,low,227.14853632503835
341.6961077274452,6,22.966519528926426,desktop,organic,US,control,0,low,172.7005956206648
322.95900396142184,3,53.3935581275622,desktop,referral,APAC,treatment,0,high,51.520481063785525
296.4917144270677,5,46.51842603182687,mobile,direct,US,control,0,high,373.92364028747915
216.95195332420042,6,60.219084530556366,tablet,paid,LATAM,treatment,1,low,425.2141889927878
321.4809109566293,3,46.313806342143,desktop,paid,LATAM,control,0,low,227.7682410566743
310.38438435815556,8,58.07046416606687,desktop,direct,US,treatment,0,low,303.8980896650145
313.5789418597687,8,61.196877785533815,desktop,paid,US,control,0,low,152.4589816683193
236.16257120898453,5,52.830531622586534,desktop,paid,APAC,control,0,low,329.9889408260599
245.94717297958687,4,46.60688812861841,mobile,paid,US,treatment,0,low,55.46185624184024
352.6576426666452,2,49.5866279519083,mobile,paid,US,treatment,0,low,269.8897536944413
298.02224230716723,6,63.40738744913145,desktop,organic,US,control,1,low,339.8924668283115
334.07503486863123,5,41.975699601351636,mobile,referral,EU,control,0,low,463.1862979533803
301.41591880652305,6,55.789286485712346,mobile,paid,APAC,treatment,0,low,221.60111770502792
301.48780697478725,7,54.60042323860466,desktop,organic,US,control,0,low,394.3355913414634
346.9141902987999,3,65.40441239776673,desktop,referral,US,treatment,0,high,318.95916347457535
274.1977635891313,9,62.55349780288475,mobile,organic,LATAM,treatment,0,low,467.15545081628625
304.8060388470492,2,50.415180042454935,desktop,organic,APAC,control,1,high,229.26995404674378
276.8862355647479,0,58.20298374508965,desktop,paid,EU,control,0,high,193.5929029428446
278.2751886283842,6,40.49046616905528,mobile,referral,APAC,treatment,0,high,449.2138994123647
284.541393826568,4,56.9593210094085,desktop,referral,US,control,0,medium,72.1599806337301
311.10668858168566,6,44.83385801239892,mobile,direct,APAC,treatment,0,medium,111.37342682015455
276.06256891682614,4,39.76746776624415,mobile,referral,US,control,0,high,87.08199556282
362.78780627867604,5,52.800453426974045,mobile,organic,US,treatment,0,low,429.3994804593812
255.26963488902481,2,23.25432871845859,mobile,organic,APAC,control,0,low,54.77334051664373
290.65641779193203,5,44.89831348438818,mobile,referral,US,treatment,1,high,437.74571997367167
278.01344708629125,4,48.22508116225717,desktop,organic,LATAM,control,0,medium,253.07050791707007
372.3488942176866,3,50.824417666348424,desktop,paid,US,control,0,high,51.811375484286835
309.8277388255787,5,57.123090429878935,mobile,paid,LATAM,treatment,1,medium,230.74032974541882
351.59222697343176,3,36.86604612463001,desktop,organic,LATAM,control,1,high,134.06037847026602
225.72198134815142,3,41.821081578614944,mobile,direct,US,control,0,medium,330.98021936247335
313.35251329346295,4,53.91209327237394,mobile,paid,APAC,control,0,medium,355.71145546474094
344.4815397811719,8,55.81781770628363,desktop,paid,US,control,0,medium,269.3874066822499
304.11419946377123,5,49.83776882404059,mobile,direct,LATAM,treatment,0,high,68.23378644785149
353.27401875326757,4,61.56833781036989,mobile,paid,US,treatment,0,high,345.25796196524084
274.13557749498136,4,66.26977681448514,desktop,organic,APAC,control,1,high,428.9174526224845
370.46737200927896,4,42.525443460417875,mobile,paid,US,treatment,0,medium,374.14592479688065
414.9449061809625,4,47.194979465883826,desktop,referral,US,treatment,0,low,423.48106352989333
281.85807197801705,7,40.47062634656628,mobile,referral,US,treatment,1,low,140.22928559789938
277.7248739299614,8,48.918610096085835,mobile,referral,US,control,0,high,449.99957284541716
372.66922385588504,7,75.81702045052361,mobile,referral,APAC,treatment,1,medium,194.98705279158327
378.97860728653563,3,56.85290084710968,mobile,organic,EU,treatment,0,low,56.03216641339596
273.8569986423366,6,64.02009325919121,mobile,referral,EU,control,0,low,429.52624084808184
278.99065914520713,6,46.97114756201007,mobile,referral,US,control,0,high,473.819571034127
285.9107695569746,4,63.46099794514258,desktop,organic,US,control,0,high,345.0011888378069
232.77747444828614,6,48.066957735520305,tablet,organic,US,treatment,0,high,154.1464837085411
254.0674026757901,9,64.71585082569894,mobile,direct,APAC,control,0,medium,163.28500892713868
249.7929616623966,6,49.781432525578765,mobile,referral,LATAM,treatment,0,low,259.9667930460288
261.61012174479356,4,57.072313738042766,mobile,referral,US,control,0,low,454.02398582063876
298.2657556306609,6,64.75112364309855,tablet,referral,US,treatment,0,low,117.31894526640127
311.710736626826,7,54.709668338518505,tablet,paid,US,treatment,1,high,421.6881513125691
377.52502464070386,4,52.18388987544174,mobile,paid,EU,treatment,0,low,181.08626391731767
250.08229796306046,3,62.88863425206302,desktop,paid,EU,treatment,0,medium,413.86377624309404
349.2161199238292,4,48.669968360699364,mobile,organic,APAC,treatment,0,medium,464.1220389206924
289.3005577887246,5,36.79107717493839,mobile,referral,US,control,0,medium,242.3722423974441
297.52681451737834,3,71.4300705458491,mobile,paid,APAC,treatment,0,high,214.27279434748888
333.7409746083302,5,45.30235535662863,mobile,paid,EU,control,0,low,410.9995935370858
243.86389892188507,3,51.58756050937543,mobile,paid,US,treatment,0,medium,288.2672970707273
319.12048730920253,5,61.56006669451127,mobile,paid,EU,control,0,low,358.0020718084387
308.3226104106528,5,43.91506096268798,desktop,organic,US,treatment,0,low,330.2731566325308
324.62256320040746,5,39.9213208677787,mobile,organic,US,treatment,0,low,118.79998054015834
314.4584321953909,6,52.53737296774833,mobile,organic,APAC,control,0,low,430.15566213030274
422.7650069955447,6,32.069236020876104,mobile,organic,US,control,0,medium,138.0988001359113
268.1130007874342,6,56.31451206301507,mobile,direct,APAC,treatment,1,medium,469.5269648318514
273.45015224990914,5,52.45038664315406,mobile,organic,EU,control,0,low,162.75708113996654
268.8429736787618,7,47.30048103174836,mobile,organic,US,control,0,low,380.24643797318384
272.22614404198725,3,51.4268851353754,mobile,paid,EU,control,1,medium,178.0949270721164
268.13064363467413,5,78.42368779468435,mobile,paid,EU,treatment,1,high,193.00343386408875
359.4508265553776,7,51.03538153949175,mobile,organic,US,treatment,0,low,189.50083375203738
371.0252123994927,2,68.91415157974468,mobile,referral,US,treatment,1,medium,386.5515143117375
271.46268531252616,8,47.39963749819555,desktop,referral,US,treatment,0,medium,300.56680308622686
258.38222134478855,4,41.19988018309236,desktop,organic,US,control,0,medium,447.3286051313737
323.5707778193202,2,57.61722634855618,mobile,organic,US,treatment,1,low,188.31772364182018
272.38884778595144,5,54.845614793599175,mobile,direct,US,control,1,medium,361.39663492553495
331.6465908877755,5,38.22238542008642,mobile,referral,US,control,0,medium,388.8268698483998
310.146151042565,4,64.69784258787496,mobile,paid,LATAM,control,0,medium,118.16695086348118
224.21279425013842,6,55.75051818784337,mobile,organic,US,treatment,1,medium,230.26521079391503
377.3752600665031,8,31.597336152044313,mobile,paid,APAC,treatment,0,high,267.26787245768503
389.7938836547761,4,63.28166053957332,mobile,paid,EU,control,0,low,210.05932545246844
269.3605654757807,3,56.748518916537606,tablet,organic,APAC,treatment,1,high,194.95066818611215
280.6149220032008,6,43.921761073843754,mobile,paid,US,control,0,medium,358.8889522989389
314.29326953624525,4,32.34612412970026,mobile,paid,LATAM,control,0,medium,147.13987894676984
316.72283949935127,2,67.40941486596991,mobile,organic,EU,control,0,low,369.22583536300795
332.92721363364154,3,37.105194127903125,tablet,referral,APAC,treatment,0,low,470.76988837582877
400.5102269383175,1,50.5844948070565,desktop,referral,US,treatment,0,medium,304.33888452998804
291.1526386252975,9,59.1262032254044,mobile,organic,US,control,0,medium,325.14540653276333
260.0851377730773,5,54.21716933003097,desktop,referral,EU,treatment,0,low,81.01971595584008
231.03403859927363,3,49.40345688007808,mobile,organic,US,control,0,medium,439.0146066280227
263.45349800290404,4,38.767829893811495,desktop,referral,US,treatment,1,low,178.45150423993948
298.34365135631015,3,46.06670421425537,desktop,organic,US,treatment,1,high,326.7730244878542
389.7278931758894,4,63.28592040585439,mobile,organic,EU,control,1,high,490.600476385161
274.1194350481914,6,42.12825930013004,desktop,paid,LATAM,treatment,0,low,317.9761702577635
311.18939758194495,4,52.03359459998768,mobile,paid,US,treatment,0,high,376.1192693589699
299.1788551963624,2,56.817434088151415,mobile,direct,APAC,control,0,high,250.39382820068835
359.4196636724042,6,59.625028858001016,mobile,organic,EU,treatment,0,low,77.16462958177581
426.3466212936811,3,37.738206421873166,desktop,organic,US,control,0,medium,408.91970727040484
273.45656135398394,6,71.96646054978955,mobile,paid,LATAM,control,0,low,65.74947856879355
275.5280278740889,2,66.76549311659049,mobile,paid,APAC,control,1,medium,365.29602299953433
352.2080438534536,8,49.98285846330936,desktop,organic,APAC,control,0,low,60.31470791733663
334.0945744813156,3,81.68144526800509,mobile,paid,US,treatment,1,low,438.0373564595018
392.3353662868017,6,73.65407771999973,mobile,referral,EU,treatment,0,low,120.93621612484127
329.1964092662982,4,45.7958172722467,mobile,referral,US,treatment,1,low,281.42217294914803
282.035395460647,5,47.74737357508646,mobile,direct,US,control,0,high,318.7178170174163
329.53274153461547,6,26.215683401266716,mobile,organic,US,control,0,low,255.89543331803543
355.4351790291454,1,70.99777946498162,mobile,referral,APAC,control,1,low,203.34357020699926
341.0241090598682,5,53.65394241925141,tablet,organic,APAC,treatment,0,high,260.51643328143723
325.3637015553649,7,49.6083788455724,desktop,paid,US,treatment,0,low,190.1370892465214
353.3337344794577,6,43.4546642900169,mobile,paid,US,treatment,0,medium,247.15505618638844
358.4647795222836,6,29.50485483811675,mobile,direct,APAC,control,0,high,211.5108459491138
369.10794955187635,7,57.88341884359599,mobile,referral,US,treatment,1,high,304.7921705782154
332.4354943794821,4,64.55434483915325,desktop,direct,EU,treatment,0,low,157.06587301024257
291.6440959841573,3,46.22375074485714,mobile,referral,US,control,1,low,494.8954497113056
307.3356843216661,8,58.800173627603776,mobile,direct,US,treatment,1,high,275.39147902197453
360.3254483254178,4,34.31855686579949,desktop,referral,LATAM,control,0,low,137.37293483652934
259.1532164506382,5,54.57213063692514,mobile,paid,US,control,0,low,264.6800373052726
318.43366544364505,5,46.06617702255343,mobile,organic,US,control,0,low,439.8868082861709
280.33305938363196,3,42.375820493970856,desktop,organic,US,control,0,low,59.813056905978016
301.43724114674086,9,58.342012495106026,desktop,organic,LATAM,control,1,medium,355.79935359827994
363.92259313036493,8,46.0638841796699,mobile,paid,APAC,control,0,medium,296.58550855726764
309.55495340099515,6,72.60484110539302,desktop,paid,US,control,1,high,126.30109746656099
302.32182740780746,3,36.87836798804482,mobile,paid,US,treatment,0,medium,417.8643976872143
232.00719295100404,5,46.02884668432147,desktop,direct,EU,treatment,0,low,215.99808006830256
337.312678301361,5,55.674384950245354,mobile,direct,US,treatment,1,low,182.21091296697836
332.2742090570538,5,39.00960775468141,desktop,organic,EU,control,0,high,422.6563363356055
408.16273616527303,3,67.96665201675017,tablet,organic,US,control,0,low,337.3362707862491
284.61108825235,7,41.46504519938658,tablet,paid,US,control,0,low,454.216587653671
310.95751638319695,3,43.305630863665094,tablet,organic,EU,control,0,high,333.44766665203974
312.46918418553776,0,47.91409035297723,mobile,referral,US,treatment,1,medium,383.3679460694519
378.8726639881737,6,72.13989632031867,mobile,paid,APAC,treatment,1,low,426.4006533168258
295.23522338065237,6,55.529052285994815,mobile,paid,US,treatment,0,high,74.63283615947161
313.95107628851696,4,40.63407993756358,desktop,referral,US,treatment,0,high,399.2220314912211
330.39482548582697,5,61.06231558859969,desktop,referral,LATAM,control,0,low,326.1679168323096
309.33045615781793,9,52.00698694288878,mobile,organic,US,control,0,high,81.27850843183695
277.6783192724736,5,52.57253421111502,tablet,referral,APAC,treatment,0,low,278.8600648409218
309.70449964491536,4,46.55522791247547,desktop,paid,US,control,0,medium,87.10613509277925
353.6815874929886,3,42.505840130430265,tablet,organic,EU,control,0,high,381.1762407754501
248.674235029447,6,53.37766099054601,desktop,organic,APAC,control,0,high,295.9257712540474
306.6484837073438,2,44.549127700044096,mobile,paid,US,control,0,low,479.1080918355338
264.99395925304134,6,69.10935706015911,mobile,organic,APAC,control,1,low,132.41091720729645
359.7523314462421,6,37.30708894756896,mobile,organic,EU,treatment,0,low,322.7150536341703
223.84065476081128,6,78.95362621743261,mobile,paid,US,treatment,1,medium,145.21196055672112
272.0539076364206,5,48.88681151202199,desktop,referral,EU,control,0,low,326.3292431273293
318.86059375322606,3,52.99085734021106,desktop,organic,EU,control,0,low,375.1923660623854
378.27620146171705,4,58.33157766629435,desktop,organic,US,treatment,0,low,375.03694819829235
296.7124869463506,4,54.81260856476646,desktop,referral,US,control,1,low,416.78329580717445
272.24002366534006,5,58.642483846986366,mobile,organic,US,control,0,low,434.09760258124254
394.0578534720295,4,22.92456144618823,mobile,direct,US,control,0,high,84.77227682022968
227.59930497918782,4,42.80010466778061,mobile,paid,APAC,control,0,low,204.47022068258184
190.0597021689959,5,40.759371926589345,mobile,organic,US,treatment,0,low,359.20513416191255
322.00072250266663,5,37.464939876282386,mobile,organic,LATAM,treatment,0,high,274.36382932604545
274.89728878236946,5,47.85045161921049,mobile,organic,US,control,0,medium,135.80417603965617
248.93835914346434,7,53.85749968181695,mobile,organic,US,control,0,low,298.7193065750141
335.41782236496766,3,57.026599984993055,mobile,organic,APAC,control,0,low,233.3460437447647
312.19003568855993,2,52.40876757200407,desktop,paid,EU,control,0,medium,225.5172249444373
271.7960684631636,4,43.34306535106453,mobile,organic,EU,treatment,0,low,414.3891728460487
235.9847800664553,4,53.69016437825167,mobile,paid,US,treatment,0,medium,233.41925022448157
343.62286641400726,6,51.2428569485085,mobile,paid,US,treatment,0,low,61.90452746619087
332.51005889793305,3,59.36056167936016,tablet,organic,US,treatment,0,low,76.12850250099108
295.04120681103086,5,57.76936702931516,mobile,organic,LATAM,treatment,0,low,435.3098187612291
392.3318498023833,5,60.35720405257567,mobile,organic,US,treatment,1,medium,482.2703645056346
246.49576168369236,5,41.02746993838743,desktop,organic,APAC,control,0,high,359.7842014050684
223.72374145376307,5,43.47049844167919,mobile,referral,EU,control,0,low,213.9657323450361
265.4045965059378,3,44.50210640361966,tablet,organic,US,treatment,0,medium,472.3701421076274
297.72069918222513,10,46.84733666083744,mobile,referral,EU,control,0,low,348.26138886908115
312.1669724661346,5,52.68050427589753,mobile,paid,APAC,treatment,0,low,429.95009713970194
287.9381971071835,4,60.151461215463684,mobile,paid,APAC,treatment,1,high,394.6335368166542
317.60276982571486,4,67.68859647898952,desktop,paid,US,treatment,1,low,220.61269209766658
237.4230287904778,7,50.161247879004726,mobile,referral,US,control,0,high,265.41599038285347
372.18823020366295,3,58.91627935975267,mobile,organic,US,treatment,1,medium,133.75946946564477
295.89244108037155,6,44.840946868676596,mobile,organic,US,control,0,high,181.4063451983303
355.86479157940636,2,53.41420954765282,mobile,paid,EU,treatment,1,medium,400.15654757893475
317.1362673188852,4,32.4456210268929,mobile,organic,APAC,control,0,low,452.29027634739873
322.8376609576892,4,43.04850641923127,desktop,paid,US,treatment,0,low,376.0071904631353
328.4883640116102,4,54.73145453267787,desktop,paid,APAC,treatment,0,low,259.3281634954873
322.3854280008658,8,42.970885619604324,mobile,paid,EU,control,0,low,88.92917102288638
332.1361379933772,5,47.621929625740606,mobile,paid,US,control,0,low,75.6265769143017
366.4576265066216,8,54.66431287412317,desktop,paid,US,treatment,0,low,218.44650407578422
309.82605848507353,5,55.206894964226684,mobile,referral,APAC,control,0,high,258.71977344544837
335.4501878794256,7,39.204671478339606,mobile,referral,APAC,treatment,0,low,324.1042799959836
295.51321528563864,8,59.970593564536415,mobile,paid,EU,control,0,medium,52.92028462414874
372.0058607724736,3,64.00069386733124,desktop,paid,US,treatment,1,high,495.37530070983786
266.1803848970365,4,38.70150142781441,tablet,referral,US,treatment,0,high,213.7724975318193
390.0470216455408,6,50.809005355488274,desktop,paid,US,control,1,low,431.6425987105046
297.99210246778284,4,61.910906831461915,mobile,paid,EU,control,0,low,290.735017549432
228.4612448940976,4,59.98833706863991,mobile,referral,APAC,treatment,1,low,108.69775454000592
306.40522074553945,6,27.80222052548149,desktop,paid,US,control,0,low,408.9044986405348
265.94741712625597,2,36.00318495267314,mobile,organic,APAC,control,0,low,369.4221837139442
342.0321774494362,4,59.14167983854173,tablet,referral,EU,treatment,1,high,287.3462382181526
267.36880103488045,2,38.36957349715398,tablet,organic,EU,control,0,low,281.548891100201
277.69082833926103,8,56.63900500981871,mobile,referral,LATAM,control,1,medium,89.36582258791762
205.52296345272345,7,50.32396213683579,tablet,referral,US,treatment,0,high,345.13202685824336
277.38468403754615,2,64.62254604034729,mobile,direct,LATAM,control,0,low,460.06032008943487
178.80603366855217,5,47.09546083772211,desktop,organic,US,control,0,low,91.96021364961126
220.80485882571384,6,60.72541799572759,mobile,paid,US,control,0,medium,168.5801527920072
338.02073280721487,7,76.76021408061158,mobile,paid,APAC,treatment,1,low,456.03858804894446
339.2900079325416,7,64.34309669352076,desktop,organic,LATAM,treatment,0,medium,177.95475941890697
321.27287808924825,7,52.847545933855685,desktop,organic,EU,treatment,0,low,344.27465248096684
251.65119284353935,6,30.36710852161026,mobile,paid,EU,control,0,high,290.6681742244149
297.614432192901,5,54.608248654038654,mobile,paid,APAC,control,0,low,318.34742225173795
299.8198730454716,5,60.48399887813541,mobile,organic,APAC,control,0,low,237.1050057097639
242.08176554037286,8,53.53672666548102,mobile,paid,US,control,1,medium,184.99616174917
375.1699150883575,7,78.43270172795079,mobile,referral,APAC,treatment,1,low,71.84005282835103
343.86811452878356,4,69.16712403207596,mobile,referral,US,control,1,low,384.92642268237387
288.9517913085168,5,55.68273377152784,mobile,direct,US,control,0,low,385.74205798740206
301.34429194972654,8,60.86380711205838,mobile,paid,US,control,0,low,351.8265830354255
310.41914039737765,5,53.333698512608784,mobile,direct,EU,treatment,0,medium,339.63520465382925
197.91325657878548,2,36.23025842702177,mobile,referral,LATAM,treatment,1,medium,159.6727094753868
287.64113087397016,3,45.008610485296344,mobile,organic,EU,treatment,0,medium,60.055220194831044
265.90078760011005,7,61.97168027247854,tablet,organic,LATAM,treatment,0,medium,413.9219285984479
249.91899950525422,3,41.92408659901704,mobile,paid,US,control,0,low,271.0123410631221
285.9449853557023,8,47.76527494763061,tablet,paid,APAC,control,0,low,188.07715881617824
389.88432634247613,1,39.55163686096929,desktop,paid,APAC,control,0,medium,95.86935805125654
332.0421430633505,5,78.2009520386136,desktop,paid,EU,treatment,1,high,78.22471590562478
271.4410505108602,3,66.81492457418015,desktop,referral,EU,treatment,0,low,206.9900248078298
328.62913906780796,5,41.16131104859271,desktop,paid,EU,treatment,0,low,412.13167914512326
